site,date,observers,plot,transect,distance,cover_status,sixletter_code,percent_cover,notes,entered_by,entered_on
Oakridge,7-Sep-19,"HR,LS,ND,SA",1,1,far,cover,acaspp,0.5,,SA,22-Sep-19
Oakridge,7-Sep-19,"HR,LS,ND,SA",1,2,far,cover,acaspp,0.1,,SA,22-Sep-19
Oakridge,9-Sep-19,"LS,HR",1,2,near,uncover,acaspp,0.5,,SA,24-Sep-19
Oakridge,7-Sep-19,"HR,LS,ND,SA",1,3,far,cover,acaspp,0.1,,SA,22-Sep-19
Oakridge,9-Sep-19,"LS,HR",1,3,near,uncover,acaspp,1,,SA,24-Sep-19
Oakridge,7-Sep-19,"HR,LS,ND,SA",1,4,far,uncover,acaspp,0.1,,SA,22-Sep-19
Oakridge,8-Sep-19,"HR,SA",2,1,far,uncover,acaspp,0.1,,SA,22-Sep-19
Oakridge,8-Sep-19,LS,2,1,far,cover,acaspp,0.1,,SA,22-Sep-19
Oakridge,9-Sep-19,"LS,HR",2,1,near,cover,acaspp,0.5,,SA,24-Sep-19
Oakridge,9-Sep-19,"LS,HR",2,1,near,uncover,acaspp,0.5,,SA,24-Sep-19
Oakridge,9-Sep-19,"LS,HR",2,3,near,uncover,acaspp,0.5,,SA,24-Sep-19
Oakridge,8-Sep-19,"LS,PS",2,4,far,uncover,acaspp,0.1,,SA,22-Sep-19
Oakridge,9-Sep-19,"LS,HR",2,4,near,cover,acaspp,0.1,,SA,24-Sep-19
Oakridge,9-Sep-19,"LS,HR",2,4,near,uncover,acaspp,0.5,,SA,24-Sep-19
Oakridge,9-Sep-19,LS,3,1,near,uncover,acaspp,0.1,,SA,24-Sep-19
Oakridge,8-Sep-19,"HR,SA",3,2,far,uncover,acaspp,0.5,,SA,22-Sep-19
Oakridge,8-Sep-19,"LS,PS",3,2,far,cover,acaspp,0.1,,SA,22-Sep-19
Oakridge,9-Sep-19,LS,3,2,near,uncover,acaspp,0.5,,SA,24-Sep-19
Oakridge,9-Sep-19,LS,3,2,near,cover,acaspp,0.5,,SA,24-Sep-19
Oakridge,9-Sep-19,LS,3,3,near,uncover,acaspp,0.1,,SA,24-Sep-19
Oakridge,8-Sep-19,"LS,PS",3,4,far,uncover,acaspp,1,,SA,22-Sep-19
Oakridge,9-Sep-19,LS,3,4,near,uncover,acaspp,4,,SA,24-Sep-19
Oakridge,9-Sep-19,LS,3,4,near,cover,acaspp,3,,SA,24-Sep-19
Oakridge,8-Sep-19,"LS,PS",4,1,far,cover,acaspp,0.1,,SA,22-Sep-19
Oakridge,8-Sep-19,"LS,SA",4,1,near,uncover,acaspp,1,,SA,24-Sep-19
Oakridge,8-Sep-19,"LS,SA",4,1,near,cover,acaspp,1,,SA,24-Sep-19
Oakridge,8-Sep-19,"HR,SA",4,2,far,cover,acaspp,0.5,,SA,22-Sep-19
Oakridge,8-Sep-19,LS,4,2,near,uncover,acaspp,6,,SA,24-Sep-19
Oakridge,8-Sep-19,"HR,SA",4,4,far,uncover,acaspp,0.1,,SA,22-Sep-19
Oakridge,8-Sep-19,LS,5,1,near,uncover,acaspp,0.5,,SA,24-Sep-19
Oakridge,7-Sep-19,"LS,ND",5,3,far,uncover,acaspp,0.1,,SA,22-Sep-19
Oakridge,7-Sep-19,"HR,SA",5,3,far,cover,acaspp,0.1,,SA,22-Sep-19
Oakridge,7-Sep-19,"LS,ND",5,4,far,cover,acaspp,1,,SA,22-Sep-19
Oakridge,8-Sep-19,"SA,EE",5,4,near,cover,acaspp,0.1,,SA,24-Sep-19
Oakridge,8-Sep-19,LS,5,4,near,uncover,acaspp,0.1,,SA,24-Sep-19
Oakridge,7-Sep-19,"LS,ND",6,2,far,uncover,acaspp,0.1,,SA,22-Sep-19
Oakridge,9-Sep-19,LS,6,2,near,uncover,acaspp,0.5,,SA,24-Sep-19
Oakridge,9-Sep-19,LS,6,2,near,cover,acaspp,0.5,,SA,24-Sep-19
Oakridge,9-Sep-19,LS,6,3,near,uncover,acaspp,0.5,,SA,24-Sep-19
Oakridge,7-Sep-19,"LS,ND",6,4,far,cover,acaspp,0.5,,SA,22-Sep-19
Oakridge,7-Sep-19,"LS,ND",7,1,far,cover,acaspp,0.5,,SA,22-Sep-19
Oakridge,9-Sep-19,"LS,PS",7,1,near,uncover,acaspp,0.5,,SA,24-Sep-19
Oakridge,9-Sep-19,"LS,PS",7,1,near,cover,acaspp,0.5,,SA,24-Sep-19
Oakridge,7-Sep-19,"LS,ND",7,3,far,uncover,acaspp,1,,SA,22-Sep-19
Oakridge,9-Sep-19,"LS,PS",7,3,near,uncover,acaspp,0.5,,SA,24-Sep-19
Oakridge,9-Sep-19,"LS,PS",7,3,near,cover,acaspp,0.5,,SA,24-Sep-19
Oakridge,9-Sep-19,"LS,PS",7,4,near,uncover,acaspp,0.5,,SA,24-Sep-19
Oakridge,9-Sep-19,"LS,PS",7,4,near,cover,acaspp,1,,SA,24-Sep-19
Oakridge,8-Sep-19,"LS,PS",8,3,far,uncover,acaspp,0.1,,SA,22-Sep-19
Oakridge,9-Sep-19,"LS,PS",8,4,near,uncover,acaspp,5,,SA,24-Sep-19
Oakridge,9-Sep-19,"LS,PS",8,4,near,cover,acaspp,0.5,,SA,24-Sep-19
Oakridge,9-Sep-19,"LS,HR",1,3,near,cover,aceneg,0.5,,SA,24-Sep-19
Oakridge,9-Sep-19,"LS,HR",1,4,near,uncover,aceneg,0.5,,SA,24-Sep-19
Oakridge,9-Sep-19,"LS,HR",2,1,near,cover,aceneg,0.1,,SA,24-Sep-19
Oakridge,8-Sep-19,"HR,SA",2,2,far,uncover,aceneg,0.1,,SA,22-Sep-19
Oakridge,8-Sep-19,"HR,SA",3,3,far,uncover,aceneg,0.5,,SA,22-Sep-19
Oakridge,8-Sep-19,"LS,SA",4,1,near,uncover,aceneg,2,,SA,24-Sep-19
Oakridge,8-Sep-19,"SA,EE",4,2,near,cover,aceneg,1,,SA,24-Sep-19
Oakridge,8-Sep-19,LS,4,3,near,cover,aceneg,0.5,,SA,24-Sep-19
Oakridge,8-Sep-19,"SA,EE",5,3,near,uncover,aceneg,0.5,,SA,24-Sep-19
Oakridge,8-Sep-19,"HR,SA",8,3,far,cover,aceneg,0.5,,SA,22-Sep-19
Oakridge,9-Sep-19,LS,3,4,near,cover,acesac,0.1,acer saccharinum,SA,24-Sep-19
Oakridge,7-Sep-19,"HR,SA",5,3,far,cover,acesac,6,,SA,22-Sep-19
Oakridge,7-Sep-19,"HR,SA",6,4,far,uncover,acesac,5,,SA,22-Sep-19
Oakridge,9-Sep-19,"LS,PS",7,1,near,cover,achmil,0.5,,SA,24-Sep-19
Oakridge,7-Sep-19,"HR,LS,ND,SA",1,1,far,cover,ambart,0.1,,SA,22-Sep-19
Oakridge,8-Sep-19,"LS,PS",2,4,far,uncover,ambart,0.1,,SA,22-Sep-19
Oakridge,8-Sep-19,"LS,SA",4,1,near,cover,ambart,0.1,,SA,24-Sep-19
Oakridge,8-Sep-19,"HR,SA",4,4,far,uncover,ambart,0.1,,SA,22-Sep-19
Oakridge,7-Sep-19,"LS,ND",5,1,far,cover,ambart,0.1,,SA,22-Sep-19
Oakridge,7-Sep-19,"HR,SA",6,2,far,cover,ambart,0.5,,SA,22-Sep-19
Oakridge,7-Sep-19,"HR,LS,ND,SA",1,1,far,uncover,andger,27,,SA,22-Sep-19
Oakridge,7-Sep-19,"HR,LS,ND,SA",1,1,far,cover,andger,80,,SA,22-Sep-19
Oakridge,9-Sep-19,"LS,HR",1,1,near,cover,andger,4,,SA,24-Sep-19
Oakridge,9-Sep-19,"LS,HR",1,1,near,uncover,andger,25,,SA,24-Sep-19
Oakridge,7-Sep-19,"HR,LS,ND,SA",1,2,far,uncover,andger,30,,SA,22-Sep-19
Oakridge,7-Sep-19,"HR,LS,ND,SA",1,2,far,cover,andger,5,,SA,22-Sep-19
Oakridge,9-Sep-19,"LS,HR",1,2,near,cover,andger,17,,SA,24-Sep-19
Oakridge,9-Sep-19,"LS,HR",1,2,near,uncover,andger,55,,SA,24-Sep-19
Oakridge,7-Sep-19,"HR,LS,ND,SA",1,3,far,uncover,andger,2,,SA,22-Sep-19
Oakridge,7-Sep-19,"HR,LS,ND,SA",1,3,far,cover,andger,5,,SA,22-Sep-19
Oakridge,9-Sep-19,"LS,HR",1,3,near,cover,andger,18,,SA,24-Sep-19
Oakridge,9-Sep-19,"LS,HR",1,3,near,uncover,andger,85,,SA,24-Sep-19
Oakridge,7-Sep-19,"HR,LS,ND,SA",1,4,far,uncover,andger,80,,SA,22-Sep-19
Oakridge,9-Sep-19,"LS,HR",1,4,near,cover,andger,7,,SA,24-Sep-19
Oakridge,9-Sep-19,"LS,HR",1,4,near,uncover,andger,73,,SA,24-Sep-19
Oakridge,8-Sep-19,"HR,SA",2,1,far,uncover,andger,55,,SA,22-Sep-19
Oakridge,8-Sep-19,LS,2,1,far,cover,andger,25,,SA,22-Sep-19
Oakridge,9-Sep-19,"LS,HR",2,1,near,cover,andger,18,,SA,24-Sep-19
Oakridge,9-Sep-19,"LS,HR",2,1,near,uncover,andger,8,,SA,24-Sep-19
Oakridge,8-Sep-19,"HR,SA",2,2,far,uncover,andger,75,,SA,22-Sep-19
Oakridge,8-Sep-19,"LS,PS",2,2,far,cover,andger,35,,SA,22-Sep-19
Oakridge,9-Sep-19,"LS,HR",2,2,near,cover,andger,30,,SA,24-Sep-19
Oakridge,9-Sep-19,"LS,HR",2,2,near,uncover,andger,75,,SA,24-Sep-19
Oakridge,8-Sep-19,"HR,SA",2,3,far,uncover,andger,65,,SA,22-Sep-19
Oakridge,8-Sep-19,"LS,PS",2,3,far,cover,andger,3,,SA,22-Sep-19
Oakridge,9-Sep-19,"LS,HR",2,3,near,cover,andger,35,,SA,24-Sep-19
Oakridge,9-Sep-19,"LS,HR",2,3,near,uncover,andger,22,,SA,24-Sep-19
Oakridge,8-Sep-19,"LS,PS",2,4,far,uncover,andger,40,zizia just outsite plot,SA,22-Sep-19
Oakridge,8-Sep-19,"HR,SA",2,4,far,cover,andger,20,,SA,22-Sep-19
Oakridge,9-Sep-19,"LS,HR",2,4,near,cover,andger,3,,SA,24-Sep-19
Oakridge,9-Sep-19,"LS,HR",2,4,near,uncover,andger,22,,SA,24-Sep-19
Oakridge,8-Sep-19,"LS,PS",3,1,far,uncover,andger,60,,SA,22-Sep-19
Oakridge,8-Sep-19,"HR,SA",3,1,far,cover,andger,8,,SA,22-Sep-19
Oakridge,9-Sep-19,LS,3,1,near,cover,andger,18,,SA,24-Sep-19
Oakridge,9-Sep-19,LS,3,1,near,uncover,andger,50,,SA,24-Sep-19
Oakridge,8-Sep-19,"HR,SA",3,2,far,uncover,andger,45,,SA,22-Sep-19
Oakridge,8-Sep-19,"LS,PS",3,2,far,cover,andger,18,,SA,22-Sep-19
Oakridge,9-Sep-19,LS,3,2,near,uncover,andger,80,,SA,24-Sep-19
Oakridge,9-Sep-19,LS,3,2,near,cover,andger,18,asctub right outside plot in covered transect,SA,24-Sep-19
Oakridge,8-Sep-19,"HR,SA",3,3,far,uncover,andger,45,,SA,22-Sep-19
Oakridge,8-Sep-19,"LS,PS",3,3,far,cover,andger,8,,SA,22-Sep-19
Oakridge,9-Sep-19,LS,3,3,near,uncover,andger,70,,SA,24-Sep-19
Oakridge,8-Sep-19,"LS,PS",3,4,far,uncover,andger,25,,SA,22-Sep-19
Oakridge,8-Sep-19,"HR,SA",3,4,far,cover,andger,40,,SA,22-Sep-19
Oakridge,9-Sep-19,LS,3,4,near,uncover,andger,70,,SA,24-Sep-19
Oakridge,9-Sep-19,LS,3,4,near,cover,andger,6,,SA,24-Sep-19
Oakridge,8-Sep-19,"HR,SA",4,1,far,uncover,andger,40,,SA,22-Sep-19
Oakridge,8-Sep-19,"LS,PS",4,1,far,cover,andger,50,,SA,22-Sep-19
Oakridge,8-Sep-19,"LS,SA",4,1,near,uncover,andger,70,,SA,24-Sep-19
Oakridge,8-Sep-19,"LS,SA",4,1,near,cover,andger,35,,SA,24-Sep-19
Oakridge,8-Sep-19,"LS,PS",4,2,far,uncover,andger,45,,SA,22-Sep-19
Oakridge,8-Sep-19,"HR,SA",4,2,far,cover,andger,5,,SA,22-Sep-19
Oakridge,8-Sep-19,LS,4,2,near,uncover,andger,15,,SA,24-Sep-19
Oakridge,8-Sep-19,"SA,EE",4,2,near,cover,andger,7,,SA,24-Sep-19
Oakridge,8-Sep-19,LS,4,3,far,uncover,andger,60,,SA,22-Sep-19
Oakridge,8-Sep-19,"HR,SA",4,3,far,cover,andger,70,,SA,22-Sep-19
Oakridge,8-Sep-19,"SA,EE",4,3,near,uncover,andger,50,lots of dead grass,SA,24-Sep-19
Oakridge,8-Sep-19,"HR,SA",4,4,far,uncover,andger,55,,SA,22-Sep-19
Oakridge,8-Sep-19,LS,4,4,far,cover,andger,45,,SA,22-Sep-19
Oakridge,8-Sep-19,"SA,EE",4,4,near,uncover,andger,40,,SA,24-Sep-19
Oakridge,8-Sep-19,LS,4,4,near,cover,andger,60,,SA,24-Sep-19
Oakridge,7-Sep-19,"LS,ND",5,1,far,cover,andger,80,,SA,22-Sep-19
Oakridge,8-Sep-19,LS,5,1,near,uncover,andger,45,,SA,24-Sep-19
Oakridge,8-Sep-19,"SA,EE",5,1,near,cover,andger,4,,SA,24-Sep-19
Oakridge,7-Sep-19,"LS,ND",5,2,far,uncover,andger,25,,SA,22-Sep-19
Oakridge,7-Sep-19,"HR,SA",5,2,far,cover,andger,10,,SA,22-Sep-19
Oakridge,8-Sep-19,"SA,EE",5,2,near,uncover,andger,15,,SA,24-Sep-19
Oakridge,8-Sep-19,LS,5,2,near,cover,andger,15,,SA,24-Sep-19
Oakridge,7-Sep-19,"LS,ND",5,3,far,uncover,andger,7,,SA,22-Sep-19
Oakridge,7-Sep-19,"HR,SA",5,3,far,cover,andger,12.5,,SA,22-Sep-19
Oakridge,8-Sep-19,"SA,EE",5,3,near,uncover,andger,80,,SA,24-Sep-19
Oakridge,8-Sep-19,LS,5,3,near,cover,andger,4,,SA,24-Sep-19
Oakridge,7-Sep-19,"HR,SA",5,4,far,uncover,andger,70,,SA,22-Sep-19
Oakridge,7-Sep-19,"LS,ND",5,4,far,cover,andger,30,,SA,22-Sep-19
Oakridge,8-Sep-19,LS,5,4,near,uncover,andger,70,,SA,24-Sep-19
Oakridge,7-Sep-19,"LS,ND",6,1,far,uncover,andger,35,,SA,22-Sep-19
Oakridge,9-Sep-19,LS,6,1,near,uncover,andger,25,,SA,24-Sep-19
Oakridge,9-Sep-19,LS,6,1,near,cover,andger,6,,SA,24-Sep-19
Oakridge,7-Sep-19,"LS,ND",6,2,far,uncover,andger,20,,SA,22-Sep-19
Oakridge,9-Sep-19,LS,6,2,near,uncover,andger,75,,SA,24-Sep-19
Oakridge,9-Sep-19,LS,6,2,near,cover,andger,4,,SA,24-Sep-19
Oakridge,7-Sep-19,"HR,SA",6,3,far,uncover,andger,60,,SA,22-Sep-19
Oakridge,7-Sep-19,"LS,ND",6,3,far,cover,andger,6,,SA,22-Sep-19
Oakridge,9-Sep-19,LS,6,3,near,uncover,andger,6,,SA,24-Sep-19
Oakridge,7-Sep-19,"HR,SA",6,4,far,uncover,andger,5,,SA,22-Sep-19
Oakridge,7-Sep-19,"LS,ND",6,4,far,cover,andger,4,,SA,22-Sep-19
Oakridge,9-Sep-19,LS,6,4,near,uncover,andger,40,,SA,24-Sep-19
Oakridge,7-Sep-19,"HR,SA",7,1,far,uncover,andger,75,,SA,22-Sep-19
Oakridge,7-Sep-19,"LS,ND",7,1,far,cover,andger,12,,SA,22-Sep-19
Oakridge,9-Sep-19,"LS,PS",7,1,near,uncover,andger,12,,SA,24-Sep-19
Oakridge,7-Sep-19,"LS,ND",7,2,far,uncover,andger,60,,SA,22-Sep-19
Oakridge,9-Sep-19,"LS,PS",7,2,near,uncover,andger,58,,SA,24-Sep-19
Oakridge,7-Sep-19,"LS,ND",7,3,far,uncover,andger,3,,SA,22-Sep-19
Oakridge,9-Sep-19,"LS,PS",7,3,near,uncover,andger,40,,SA,24-Sep-19
Oakridge,9-Sep-19,"LS,PS",7,3,near,cover,andger,15,,SA,24-Sep-19
Oakridge,7-Sep-19,"HR,SA",7,4,far,uncover,andger,80,,SA,22-Sep-19
Oakridge,7-Sep-19,"LS,ND",7,4,far,cover,andger,6,,SA,22-Sep-19
Oakridge,9-Sep-19,"LS,PS",7,4,near,uncover,andger,15,,SA,24-Sep-19
Oakridge,9-Sep-19,"LS,PS",7,4,near,cover,andger,5,,SA,24-Sep-19
Oakridge,8-Sep-19,"LS,PS",8,1,far,uncover,andger,60,,SA,22-Sep-19
Oakridge,9-Sep-19,"LS,PS",8,1,near,uncover,andger,30,,SA,24-Sep-19
Oakridge,9-Sep-19,"LS,PS",8,1,near,cover,andger,11,,SA,24-Sep-19
Oakridge,8-Sep-19,"HR,SA",8,2,far,uncover,andger,25,,SA,22-Sep-19
Oakridge,8-Sep-19,"LS,PS",8,2,far,cover,andger,15,,SA,22-Sep-19
Oakridge,9-Sep-19,"LS,PS",8,2,near,uncover,andger,60,,SA,24-Sep-19
Oakridge,9-Sep-19,"LS,PS",8,2,near,cover,andger,8,,SA,24-Sep-19
Oakridge,8-Sep-19,"LS,PS",8,3,far,uncover,andger,60,,SA,22-Sep-19
Oakridge,8-Sep-19,"HR,SA",8,3,far,cover,andger,9,,SA,22-Sep-19
Oakridge,9-Sep-19,"LS,PS",8,3,near,uncover,andger,40,,SA,24-Sep-19
Oakridge,9-Sep-19,"LS,PS",8,3,near,cover,andger,11,,SA,24-Sep-19
Oakridge,8-Sep-19,"HR,SA",8,4,far,uncover,andger,60,,SA,22-Sep-19
Oakridge,8-Sep-19,"LS,PS",8,4,far,cover,andger,4,,SA,22-Sep-19
Oakridge,7-Sep-19,"HR,LS,ND,SA",1,1,far,uncover,anecan,5,,SA,22-Sep-19
Oakridge,7-Sep-19,"HR,LS,ND,SA",1,2,far,uncover,anecan,12,,SA,22-Sep-19
Oakridge,9-Sep-19,"LS,HR",1,2,near,uncover,anecan,2,,SA,24-Sep-19
Oakridge,7-Sep-19,"HR,LS,ND,SA",1,3,far,uncover,anecan,6,,SA,22-Sep-19
Oakridge,9-Sep-19,"LS,HR",1,3,near,uncover,anecan,2,,SA,24-Sep-19
Oakridge,8-Sep-19,"HR,SA",2,1,far,uncover,anecan,2,,SA,22-Sep-19
Oakridge,8-Sep-19,LS,2,1,far,cover,anecan,3,,SA,22-Sep-19
Oakridge,9-Sep-19,"LS,HR",2,1,near,cover,anecan,6,,SA,24-Sep-19
Oakridge,9-Sep-19,"LS,HR",2,1,near,uncover,anecan,1,,SA,24-Sep-19
Oakridge,8-Sep-19,"HR,SA",2,2,far,uncover,anecan,8,,SA,22-Sep-19
Oakridge,9-Sep-19,"LS,HR",2,2,near,uncover,anecan,1,,SA,24-Sep-19
Oakridge,8-Sep-19,"LS,PS",3,1,far,uncover,anecan,12,,SA,22-Sep-19
Oakridge,9-Sep-19,LS,3,1,near,uncover,anecan,5,,SA,24-Sep-19
Oakridge,8-Sep-19,"HR,SA",3,4,far,cover,anecan,3,,SA,22-Sep-19
Oakridge,8-Sep-19,"HR,SA",4,1,far,uncover,anecan,4,,SA,22-Sep-19
Oakridge,8-Sep-19,"LS,SA",4,1,near,uncover,anecan,5,,SA,24-Sep-19
Oakridge,8-Sep-19,"LS,PS",4,2,far,uncover,anecan,1,,SA,22-Sep-19
Oakridge,8-Sep-19,LS,4,3,far,uncover,anecan,1,,SA,22-Sep-19
Oakridge,7-Sep-19,"LS,ND",7,3,far,uncover,anecan,30,,SA,22-Sep-19
Oakridge,7-Sep-19,"HR,SA",7,3,far,cover,anecan,50,,SA,22-Sep-19
Oakridge,8-Sep-19,"LS,PS",8,3,far,uncover,anecan,9,,SA,22-Sep-19
Oakridge,8-Sep-19,"HR,SA",8,3,far,cover,anecan,2,,SA,22-Sep-19
Oakridge,9-Sep-19,"LS,PS",8,4,near,uncover,anecan,1,,SA,24-Sep-19
Oakridge,9-Sep-19,"LS,PS",8,4,near,cover,anecan,23,,SA,24-Sep-19
Oakridge,9-Sep-19,"LS,HR",2,4,near,cover,anecan,1,,SA,24-Sep-19
Oakridge,8-Sep-19,LS,4,2,near,uncover,anecan,3,,SA,24-Sep-19
Oakridge,8-Sep-19,"LS,SA",4,1,near,uncover,astcan,3,,SA,24-Sep-19
Oakridge,8-Sep-19,"SA,EE",5,4,near,cover,astcan,0.5,,SA,24-Sep-19
Oakridge,9-Sep-19,"LS,PS",7,3,near,cover,astcan,5,,SA,24-Sep-19
Oakridge,9-Sep-19,"LS,PS",7,2,near,cover,avesat,0.5,avena sativa,SA,24-Sep-19
Oakridge,9-Sep-19,"LS,HR",2,1,near,cover,bapalb,6,,SA,24-Sep-19
Oakridge,9-Sep-19,"LS,HR",1,1,near,cover,boucur,1,,SA,24-Sep-19
Oakridge,9-Sep-19,"LS,HR",1,2,near,uncover,boucur,1,,SA,24-Sep-19
Oakridge,9-Sep-19,"LS,HR",2,1,near,uncover,boucur,2,,SA,24-Sep-19
Oakridge,9-Sep-19,LS,3,1,near,cover,boucur,12,,SA,24-Sep-19
Oakridge,9-Sep-19,LS,3,3,near,cover,boucur,1,,SA,24-Sep-19
Oakridge,9-Sep-19,LS,6,1,near,uncover,boucur,5,,SA,24-Sep-19
Oakridge,9-Sep-19,LS,6,1,near,cover,boucur,13,,SA,24-Sep-19
Oakridge,9-Sep-19,"LS,PS",8,1,near,cover,boucur,5,,SA,24-Sep-19
Oakridge,9-Sep-19,"LS,PS",8,2,near,cover,boucur,25,,SA,24-Sep-19
Oakridge,7-Sep-19,"HR,LS,ND,SA",1,1,far,uncover,brieup,13,,SA,22-Sep-19
Oakridge,7-Sep-19,"HR,LS,ND,SA",1,1,far,cover,brieup,2,,SA,22-Sep-19
Oakridge,9-Sep-19,"LS,HR",1,1,near,cover,brieup,0.5,,SA,24-Sep-19
Oakridge,9-Sep-19,"LS,HR",1,1,near,uncover,brieup,0.1,,SA,24-Sep-19
Oakridge,9-Sep-19,"LS,HR",1,2,near,uncover,brieup,6,,SA,24-Sep-19
Oakridge,9-Sep-19,"LS,HR",1,4,near,cover,brieup,2,,SA,24-Sep-19
Oakridge,9-Sep-19,"LS,HR",1,4,near,uncover,brieup,0.5,,SA,24-Sep-19
Oakridge,8-Sep-19,"HR,SA",2,1,far,uncover,brieup,2,,SA,22-Sep-19
Oakridge,9-Sep-19,"LS,HR",2,1,near,cover,brieup,2,,SA,24-Sep-19
Oakridge,8-Sep-19,"HR,SA",2,2,far,uncover,brieup,4,,SA,22-Sep-19
Oakridge,8-Sep-19,"LS,PS",2,2,far,cover,brieup,2,,SA,22-Sep-19
Oakridge,9-Sep-19,"LS,HR",2,2,near,cover,brieup,2,,SA,24-Sep-19
Oakridge,8-Sep-19,"HR,SA",2,3,far,uncover,brieup,7,,SA,22-Sep-19
Oakridge,8-Sep-19,"LS,PS",2,3,far,cover,brieup,11,,SA,22-Sep-19
Oakridge,9-Sep-19,"LS,HR",2,3,near,cover,brieup,2,,SA,24-Sep-19
Oakridge,9-Sep-19,"LS,HR",2,3,near,uncover,brieup,7,,SA,24-Sep-19
Oakridge,9-Sep-19,"LS,HR",2,4,near,cover,brieup,0.5,,SA,24-Sep-19
Oakridge,8-Sep-19,"LS,PS",3,1,far,uncover,brieup,2,,SA,22-Sep-19
Oakridge,8-Sep-19,"HR,SA",3,1,far,cover,brieup,0.2,,SA,22-Sep-19
Oakridge,9-Sep-19,LS,3,1,near,cover,brieup,1.5,,SA,24-Sep-19
Oakridge,9-Sep-19,LS,3,1,near,uncover,brieup,0.1,,SA,24-Sep-19
Oakridge,9-Sep-19,LS,3,3,near,uncover,brieup,2,,SA,24-Sep-19
Oakridge,8-Sep-19,"HR,SA",3,3,far,uncover,brieup,0.5,,SA,22-Sep-19
Oakridge,8-Sep-19,"LS,PS",3,3,far,cover,brieup,1,,SA,22-Sep-19
Oakridge,9-Sep-19,LS,3,3,near,cover,brieup,1,,SA,24-Sep-19
Oakridge,9-Sep-19,LS,3,4,near,uncover,brieup,3,,SA,24-Sep-19
Oakridge,8-Sep-19,"HR,SA",4,1,far,uncover,brieup,1,,SA,22-Sep-19
Oakridge,8-Sep-19,"LS,PS",4,1,far,cover,brieup,23,,SA,22-Sep-19
Oakridge,8-Sep-19,"LS,SA",4,1,near,uncover,brieup,3,,SA,24-Sep-19
Oakridge,8-Sep-19,"LS,PS",4,2,far,uncover,brieup,1,,SA,22-Sep-19
Oakridge,8-Sep-19,LS,4,2,near,uncover,brieup,0.5,,SA,24-Sep-19
Oakridge,8-Sep-19,"SA,EE",4,3,near,uncover,brieup,4,,SA,24-Sep-19
Oakridge,8-Sep-19,"HR,SA",4,4,far,uncover,brieup,5,,SA,22-Sep-19
Oakridge,8-Sep-19,LS,4,4,far,cover,brieup,0.5,,SA,22-Sep-19
Oakridge,8-Sep-19,"SA,EE",4,4,near,uncover,brieup,1,,SA,24-Sep-19
Oakridge,7-Sep-19,"LS,ND",5,1,far,cover,brieup,6,,SA,22-Sep-19
Oakridge,8-Sep-19,LS,5,1,near,uncover,brieup,8,,SA,24-Sep-19
Oakridge,8-Sep-19,"SA,EE",5,1,near,cover,brieup,5,,SA,24-Sep-19
Oakridge,7-Sep-19,"LS,ND",5,2,far,uncover,brieup,0.1,,SA,22-Sep-19
Oakridge,7-Sep-19,"HR,SA",5,2,far,cover,brieup,1,,SA,22-Sep-19
Oakridge,8-Sep-19,"SA,EE",5,2,near,uncover,brieup,10,,SA,24-Sep-19
Oakridge,7-Sep-19,"LS,ND",5,3,far,uncover,brieup,1,,SA,22-Sep-19
Oakridge,7-Sep-19,"HR,SA",5,3,far,cover,brieup,1,,SA,22-Sep-19
Oakridge,8-Sep-19,"SA,EE",5,3,near,uncover,brieup,5,,SA,24-Sep-19
Oakridge,8-Sep-19,LS,5,3,near,cover,brieup,1,,SA,24-Sep-19
Oakridge,7-Sep-19,"HR,SA",5,4,far,uncover,brieup,3,,SA,22-Sep-19
Oakridge,7-Sep-19,"LS,ND",6,1,far,uncover,brieup,0.1,,SA,22-Sep-19
Oakridge,9-Sep-19,LS,6,1,near,cover,brieup,2,,SA,24-Sep-19
Oakridge,9-Sep-19,LS,6,2,near,uncover,brieup,0.5,,SA,24-Sep-19
Oakridge,7-Sep-19,"HR,SA",6,3,far,uncover,brieup,1,,SA,22-Sep-19
Oakridge,7-Sep-19,"LS,ND",6,3,far,cover,brieup,3,,SA,22-Sep-19
Oakridge,9-Sep-19,"LS,PS",7,1,near,uncover,brieup,1,,SA,24-Sep-19
Oakridge,9-Sep-19,"LS,PS",7,2,near,uncover,brieup,2,,SA,24-Sep-19
Oakridge,7-Sep-19,"LS,ND",7,3,far,uncover,brieup,1,,SA,22-Sep-19
Oakridge,9-Sep-19,"LS,PS",7,3,near,uncover,brieup,3,,SA,24-Sep-19
Oakridge,9-Sep-19,"LS,PS",7,3,near,cover,brieup,0.5,,SA,24-Sep-19
Oakridge,7-Sep-19,"HR,SA",7,4,far,uncover,brieup,5,,SA,22-Sep-19
Oakridge,8-Sep-19,"LS,PS",8,1,far,uncover,brieup,5,,SA,22-Sep-19
Oakridge,9-Sep-19,"LS,PS",8,1,near,uncover,brieup,3,,SA,24-Sep-19
Oakridge,9-Sep-19,"LS,PS",8,2,near,uncover,brieup,4,,SA,24-Sep-19
Oakridge,9-Sep-19,"LS,PS",8,2,near,cover,brieup,1,,SA,24-Sep-19
Oakridge,8-Sep-19,"HR,SA",8,3,far,cover,brieup,1,,SA,22-Sep-19
Oakridge,9-Sep-19,"LS,PS",8,3,near,uncover,brieup,22,,SA,24-Sep-19
Oakridge,9-Sep-19,"LS,PS",8,3,near,cover,brieup,0.1,,SA,24-Sep-19
Oakridge,7-Sep-19,"HR,LS,ND,SA",1,1,far,uncover,broine,2.5,,SA,22-Sep-19
Oakridge,7-Sep-19,"HR,LS,ND,SA",1,1,far,cover,broine,4,,SA,22-Sep-19
Oakridge,8-Sep-19,LS,4,3,far,uncover,broine,0.5,,SA,22-Sep-19
Oakridge,9-Sep-19,"LS,HR",1,1,near,cover,carbic,0.5,,SA,24-Sep-19
Oakridge,9-Sep-19,"LS,HR",1,1,near,uncover,carbic,4,,SA,24-Sep-19
Oakridge,9-Sep-19,"LS,HR",1,2,near,cover,carbic,3,,SA,24-Sep-19
Oakridge,9-Sep-19,"LS,HR",2,1,near,cover,carbic,6,,SA,24-Sep-19
Oakridge,9-Sep-19,"LS,HR",2,1,near,uncover,carbic,15,,SA,24-Sep-19
Oakridge,9-Sep-19,LS,3,2,near,cover,carbic,3.5,,SA,24-Sep-19
Oakridge,8-Sep-19,"SA,EE",5,4,near,cover,carbic,1,,SA,24-Sep-19
Oakridge,9-Sep-19,LS,6,2,near,uncover,carbic,4,,SA,24-Sep-19
Oakridge,9-Sep-19,LS,6,2,near,cover,carbic,30,,SA,24-Sep-19
Oakridge,9-Sep-19,LS,6,3,near,uncover,carbic,3,,SA,24-Sep-19
Oakridge,9-Sep-19,LS,6,3,near,cover,carbic,50,,SA,24-Sep-19
Oakridge,9-Sep-19,LS,6,4,near,uncover,carbic,30,,SA,24-Sep-19
Oakridge,9-Sep-19,LS,6,4,near,cover,carbic,20,,SA,24-Sep-19
Oakridge,9-Sep-19,"LS,PS",7,1,near,cover,carbic,0.5,,SA,24-Sep-19
Oakridge,9-Sep-19,"LS,PS",7,2,near,uncover,carbic,1,,SA,24-Sep-19
Oakridge,9-Sep-19,"LS,PS",7,3,near,uncover,carbic,8,,SA,24-Sep-19
Oakridge,9-Sep-19,"LS,PS",7,3,near,cover,carbic,1,,SA,24-Sep-19
Oakridge,9-Sep-19,"LS,PS",7,4,near,uncover,carbic,1,,SA,24-Sep-19
Oakridge,9-Sep-19,"LS,PS",8,3,near,uncover,carbic,14,,SA,24-Sep-19
Oakridge,9-Sep-19,"LS,PS",8,3,near,cover,carbic,3,,SA,24-Sep-19
Oakridge,9-Sep-19,"LS,PS",8,4,near,cover,carbic,6,,SA,24-Sep-19
Oakridge,9-Sep-19,"LS,HR",1,2,near,uncover,carspp,2,not vulpin,SA,24-Sep-19
Oakridge,9-Sep-19,"LS,HR",2,2,near,uncover,carspp,1,not vulpin,SA,24-Sep-19
Oakridge,9-Sep-19,"LS,HR",2,3,near,uncover,carspp,2,,SA,24-Sep-19
Oakridge,9-Sep-19,LS,3,1,near,cover,carspp,2,,SA,24-Sep-19
Oakridge,7-Sep-19,"HR,LS,ND,SA",1,1,far,uncover,carvul,12.5,,SA,22-Sep-19
Oakridge,8-Sep-19,"HR,SA",3,3,far,uncover,carvul,4,,SA,22-Sep-19
Oakridge,8-Sep-19,"SA,EE",4,2,near,cover,carvul,3,,SA,24-Sep-19
Oakridge,8-Sep-19,LS,5,3,near,cover,carvul,3,,SA,24-Sep-19
Oakridge,7-Sep-19,"LS,ND",6,2,far,uncover,carvul,75,,SA,22-Sep-19
Oakridge,7-Sep-19,"HR,SA",6,2,far,cover,carvul,45,,SA,22-Sep-19
Oakridge,7-Sep-19,"HR,SA",6,4,far,uncover,carvul,17,,SA,22-Sep-19
Oakridge,9-Sep-19,LS,6,4,near,cover,carvul,1,,SA,24-Sep-19
Oakridge,7-Sep-19,"HR,SA",7,1,far,uncover,carvul,10,,SA,22-Sep-19
Oakridge,9-Sep-19,"LS,PS",7,2,near,uncover,carvul,4,,SA,24-Sep-19
Oakridge,7-Sep-19,"LS,ND",7,3,far,uncover,carvul,2,,SA,22-Sep-19
Oakridge,9-Sep-19,LS,6,3,near,uncover,cercan,0.5,cercis canadensis - redbud,SA,24-Sep-19
Oakridge,7-Sep-19,"HR,LS,ND,SA",1,2,far,uncover,cerspp,0.5,cerastium spp,SA,22-Sep-19
Oakridge,7-Sep-19,"HR,LS,ND,SA",1,2,far,cover,cerspp,0.1,cerastium spp,SA,22-Sep-19
Oakridge,7-Sep-19,"HR,LS,ND,SA",1,3,far,uncover,cerspp,0.1,cerastium spp,SA,22-Sep-19
Oakridge,7-Sep-19,"LS,ND",6,4,far,cover,cerspp,1,cerastium spp,SA,22-Sep-19
Oakridge,9-Sep-19,"LS,HR",1,2,near,cover,chafas,0.5,,SA,24-Sep-19
Oakridge,9-Sep-19,"LS,HR",1,2,near,uncover,chafas,0.5,,SA,24-Sep-19
Oakridge,7-Sep-19,"HR,LS,ND,SA",1,3,far,cover,chafas,0.5,,SA,22-Sep-19
Oakridge,9-Sep-19,"LS,HR",1,3,near,cover,chafas,1,,SA,24-Sep-19
Oakridge,9-Sep-19,"LS,HR",1,3,near,uncover,chafas,1,,SA,24-Sep-19
Oakridge,7-Sep-19,"HR,LS,ND,SA",1,4,far,uncover,chafas,0.5,,SA,22-Sep-19
Oakridge,7-Sep-19,"HR,LS,ND,SA",1,4,far,cover,chafas,1,,SA,22-Sep-19
Oakridge,9-Sep-19,"LS,HR",1,4,near,cover,chafas,0.75,,SA,24-Sep-19
Oakridge,9-Sep-19,"LS,HR",1,4,near,uncover,chafas,1,,SA,24-Sep-19
Oakridge,9-Sep-19,"LS,HR",2,1,near,cover,chafas,3,,SA,24-Sep-19
Oakridge,9-Sep-19,"LS,HR",2,1,near,uncover,chafas,2,,SA,24-Sep-19
Oakridge,8-Sep-19,"LS,PS",2,2,far,cover,chafas,0.5,,SA,22-Sep-19
Oakridge,9-Sep-19,"LS,HR",2,2,near,cover,chafas,2.5,,SA,24-Sep-19
Oakridge,9-Sep-19,"LS,HR",2,2,near,uncover,chafas,3,,SA,24-Sep-19
Oakridge,9-Sep-19,"LS,HR",2,3,near,cover,chafas,0.5,,SA,24-Sep-19
Oakridge,8-Sep-19,"LS,PS",2,4,far,uncover,chafas,0.5,,SA,22-Sep-19
Oakridge,8-Sep-19,"HR,SA",2,4,far,cover,chafas,2,,SA,22-Sep-19
Oakridge,9-Sep-19,"LS,HR",2,4,near,cover,chafas,4,,SA,24-Sep-19
Oakridge,9-Sep-19,"LS,HR",2,4,near,uncover,chafas,3,,SA,24-Sep-19
Oakridge,8-Sep-19,"HR,SA",3,1,far,cover,chafas,1,,SA,22-Sep-19
Oakridge,9-Sep-19,LS,3,1,near,cover,chafas,3,,SA,24-Sep-19
Oakridge,9-Sep-19,LS,3,1,near,uncover,chafas,0.1,,SA,24-Sep-19
Oakridge,8-Sep-19,"HR,SA",3,2,far,uncover,chafas,30,,SA,22-Sep-19
Oakridge,8-Sep-19,"LS,PS",3,2,far,cover,chafas,23,,SA,22-Sep-19
Oakridge,9-Sep-19,LS,3,2,near,uncover,chafas,2.5,,SA,24-Sep-19
Oakridge,9-Sep-19,LS,3,2,near,cover,chafas,6,,SA,24-Sep-19
Oakridge,8-Sep-19,"HR,SA",3,3,far,uncover,chafas,1.5,,SA,22-Sep-19
Oakridge,9-Sep-19,LS,3,3,near,uncover,chafas,7,,SA,24-Sep-19
Oakridge,9-Sep-19,LS,3,3,near,cover,chafas,3,,SA,24-Sep-19
Oakridge,8-Sep-19,"LS,PS",3,4,far,uncover,chafas,8,,SA,22-Sep-19
Oakridge,8-Sep-19,"HR,SA",3,4,far,cover,chafas,3,,SA,22-Sep-19
Oakridge,9-Sep-19,LS,3,4,near,uncover,chafas,3,,SA,24-Sep-19
Oakridge,8-Sep-19,"LS,SA",4,1,near,uncover,chafas,1,,SA,24-Sep-19
Oakridge,8-Sep-19,"LS,PS",4,2,far,uncover,chafas,1,,SA,22-Sep-19
Oakridge,8-Sep-19,"HR,SA",4,2,far,cover,chafas,1,,SA,22-Sep-19
Oakridge,8-Sep-19,LS,4,2,near,uncover,chafas,2,,SA,24-Sep-19
Oakridge,8-Sep-19,"SA,EE",4,2,near,cover,chafas,3,,SA,24-Sep-19
Oakridge,7-Sep-19,"HR,SA",5,1,far,uncover,chafas,0.5,,SA,22-Sep-19
Oakridge,8-Sep-19,LS,5,1,near,uncover,chafas,0.5,,SA,24-Sep-19
Oakridge,8-Sep-19,"SA,EE",5,1,near,cover,chafas,2,,SA,24-Sep-19
Oakridge,7-Sep-19,"HR,SA",5,2,far,cover,chafas,0.5,,SA,22-Sep-19
Oakridge,8-Sep-19,"SA,EE",5,2,near,uncover,chafas,2,,SA,24-Sep-19
Oakridge,8-Sep-19,LS,5,2,near,cover,chafas,0.5,,SA,24-Sep-19
Oakridge,7-Sep-19,"LS,ND",5,3,far,uncover,chafas,2,,SA,22-Sep-19
Oakridge,8-Sep-19,"SA,EE",5,3,near,uncover,chafas,2,,SA,24-Sep-19
Oakridge,8-Sep-19,LS,5,3,near,cover,chafas,1,,SA,24-Sep-19
Oakridge,7-Sep-19,"HR,SA",5,4,far,uncover,chafas,0.5,,SA,22-Sep-19
Oakridge,7-Sep-19,"LS,ND",5,4,far,cover,chafas,1,,SA,22-Sep-19
Oakridge,8-Sep-19,"SA,EE",5,4,near,cover,chafas,1,,SA,24-Sep-19
Oakridge,8-Sep-19,LS,5,4,near,uncover,chafas,1,,SA,24-Sep-19
Oakridge,7-Sep-19,"LS,ND",6,1,far,uncover,chafas,4,,SA,22-Sep-19
Oakridge,7-Sep-19,"HR,SA",6,1,far,cover,chafas,3,,SA,22-Sep-19
Oakridge,9-Sep-19,LS,6,1,near,uncover,chafas,5,,SA,24-Sep-19
Oakridge,9-Sep-19,LS,6,1,near,cover,chafas,2.5,,SA,24-Sep-19
Oakridge,7-Sep-19,"LS,ND",6,2,far,uncover,chafas,6,,SA,22-Sep-19
Oakridge,7-Sep-19,"HR,SA",6,2,far,cover,chafas,10,,SA,22-Sep-19
Oakridge,9-Sep-19,LS,6,2,near,uncover,chafas,2,,SA,24-Sep-19
Oakridge,9-Sep-19,LS,6,2,near,cover,chafas,7,,SA,24-Sep-19
Oakridge,7-Sep-19,"LS,ND",6,3,far,cover,chafas,1.5,,SA,22-Sep-19
Oakridge,9-Sep-19,LS,6,3,near,uncover,chafas,1,,SA,24-Sep-19
Oakridge,9-Sep-19,LS,6,3,near,cover,chafas,10,,SA,24-Sep-19
Oakridge,7-Sep-19,"HR,SA",6,4,far,uncover,chafas,0.5,,SA,22-Sep-19
Oakridge,7-Sep-19,"LS,ND",6,4,far,cover,chafas,2,,SA,22-Sep-19
Oakridge,9-Sep-19,LS,6,4,near,uncover,chafas,1,,SA,24-Sep-19
Oakridge,9-Sep-19,LS,6,4,near,cover,chafas,1,,SA,24-Sep-19
Oakridge,7-Sep-19,"HR,SA",7,1,far,uncover,chafas,2,,SA,22-Sep-19
Oakridge,7-Sep-19,"LS,ND",7,1,far,cover,chafas,20,,SA,22-Sep-19
Oakridge,9-Sep-19,"LS,PS",7,1,near,uncover,chafas,3,,SA,24-Sep-19
Oakridge,9-Sep-19,"LS,PS",7,1,near,cover,chafas,2,,SA,24-Sep-19
Oakridge,7-Sep-19,"LS,ND",7,2,far,uncover,chafas,1,,SA,22-Sep-19
Oakridge,7-Sep-19,"HR,SA",7,2,far,cover,chafas,1,,SA,22-Sep-19
Oakridge,9-Sep-19,"LS,PS",7,2,near,uncover,chafas,6,,SA,24-Sep-19
Oakridge,9-Sep-19,"LS,PS",7,2,near,cover,chafas,2,,SA,24-Sep-19
Oakridge,7-Sep-19,"LS,ND",7,3,far,uncover,chafas,0.5,,SA,22-Sep-19
Oakridge,7-Sep-19,"HR,SA",7,3,far,cover,chafas,1,,SA,22-Sep-19
Oakridge,9-Sep-19,"LS,PS",7,3,near,uncover,chafas,3,,SA,24-Sep-19
Oakridge,9-Sep-19,"LS,PS",7,3,near,cover,chafas,1,,SA,24-Sep-19
Oakridge,7-Sep-19,"HR,SA",7,4,far,uncover,chafas,4,,SA,22-Sep-19
Oakridge,7-Sep-19,"LS,ND",7,4,far,cover,chafas,2,,SA,22-Sep-19
Oakridge,9-Sep-19,"LS,PS",7,4,near,uncover,chafas,6,,SA,24-Sep-19
Oakridge,9-Sep-19,"LS,PS",7,4,near,cover,chafas,1,,SA,24-Sep-19
Oakridge,8-Sep-19,"LS,PS",8,1,far,uncover,chafas,6,,SA,22-Sep-19
Oakridge,8-Sep-19,"HR,SA",8,1,far,cover,chafas,5,,SA,22-Sep-19
Oakridge,9-Sep-19,"LS,PS",8,1,near,uncover,chafas,3,,SA,24-Sep-19
Oakridge,9-Sep-19,"LS,PS",8,1,near,cover,chafas,10,,SA,24-Sep-19
Oakridge,8-Sep-19,"HR,SA",8,2,far,uncover,chafas,4,,SA,22-Sep-19
Oakridge,8-Sep-19,"LS,PS",8,2,far,cover,chafas,0.5,,SA,22-Sep-19
Oakridge,9-Sep-19,"LS,PS",8,2,near,uncover,chafas,1,,SA,24-Sep-19
Oakridge,9-Sep-19,"LS,PS",8,2,near,cover,chafas,5,,SA,24-Sep-19
Oakridge,8-Sep-19,"LS,PS",8,3,far,uncover,chafas,1,,SA,22-Sep-19
Oakridge,8-Sep-19,"HR,SA",8,3,far,cover,chafas,2,,SA,22-Sep-19
Oakridge,9-Sep-19,"LS,PS",8,3,near,uncover,chafas,3,,SA,24-Sep-19
Oakridge,9-Sep-19,"LS,PS",8,3,near,cover,chafas,2,,SA,24-Sep-19
Oakridge,8-Sep-19,"HR,SA",8,4,far,uncover,chafas,3,,SA,22-Sep-19
Oakridge,8-Sep-19,"LS,PS",8,4,far,cover,chafas,60,,SA,22-Sep-19
Oakridge,9-Sep-19,"LS,PS",8,4,near,uncover,chafas,15,,SA,24-Sep-19
Oakridge,9-Sep-19,"LS,PS",8,4,near,cover,chafas,6,,SA,24-Sep-19
Oakridge,9-Sep-19,"LS,HR",1,3,near,cover,chealb,0.1,,SA,24-Sep-19
Oakridge,9-Sep-19,"LS,HR",2,3,near,cover,chealb,0.5,,SA,24-Sep-19
Oakridge,9-Sep-19,"LS,HR",2,4,near,uncover,chealb,0.1,,SA,24-Sep-19
Oakridge,9-Sep-19,LS,3,3,near,uncover,chealb,0.1,,SA,24-Sep-19
Oakridge,9-Sep-19,LS,3,4,near,cover,chealb,0.5,,SA,24-Sep-19
Oakridge,8-Sep-19,"HR,SA",4,4,far,uncover,chealb,0.1,,SA,22-Sep-19
Oakridge,9-Sep-19,LS,6,4,near,cover,chealb,0.1,,SA,24-Sep-19
Oakridge,9-Sep-19,"LS,PS",8,2,near,uncover,chealb,0.1,,SA,24-Sep-19
Oakridge,8-Sep-19,LS,4,3,far,uncover,cicmac,0.1,cicuta maculata,SA,22-Sep-19
Oakridge,9-Sep-19,"LS,HR",1,1,near,uncover,cirspp,2,,SA,24-Sep-19
Oakridge,9-Sep-19,"LS,HR",1,3,near,uncover,cirspp,0.1,,SA,24-Sep-19
Oakridge,9-Sep-19,LS,3,2,near,uncover,cirspp,0.5,,SA,24-Sep-19
Oakridge,9-Sep-19,LS,3,2,near,cover,cirspp,0.5,,SA,24-Sep-19
Oakridge,9-Sep-19,LS,3,4,near,uncover,cirspp,1.5,,SA,24-Sep-19
Oakridge,9-Sep-19,LS,3,4,near,cover,cirspp,3,,SA,24-Sep-19
Oakridge,8-Sep-19,LS,4,3,far,uncover,cirspp,2,,SA,22-Sep-19
Oakridge,8-Sep-19,"HR,SA",4,3,far,cover,cirspp,4,,SA,22-Sep-19
Oakridge,7-Sep-19,"HR,SA",5,1,far,uncover,cirspp,0.1,,SA,22-Sep-19
Oakridge,8-Sep-19,LS,5,3,near,cover,cirspp,1,,SA,24-Sep-19
Oakridge,7-Sep-19,"LS,ND",6,1,far,uncover,cirspp,0.5,,SA,22-Sep-19
Oakridge,7-Sep-19,"HR,SA",6,1,far,cover,cirspp,3,,SA,22-Sep-19
Oakridge,9-Sep-19,LS,6,1,near,uncover,cirspp,0.1,,SA,24-Sep-19
Oakridge,7-Sep-19,"LS,ND",6,2,far,uncover,cirspp,5,,SA,22-Sep-19
Oakridge,7-Sep-19,"HR,SA",6,2,far,cover,cirspp,1,,SA,22-Sep-19
Oakridge,9-Sep-19,LS,6,2,near,uncover,cirspp,2,,SA,24-Sep-19
Oakridge,9-Sep-19,LS,6,2,near,cover,cirspp,0.5,,SA,24-Sep-19
Oakridge,7-Sep-19,"HR,SA",6,3,far,uncover,cirspp,2,,SA,22-Sep-19
Oakridge,9-Sep-19,LS,6,3,near,cover,cirspp,0.5,,SA,24-Sep-19
Oakridge,7-Sep-19,"HR,SA",6,4,far,uncover,cirspp,30,,SA,22-Sep-19
Oakridge,7-Sep-19,"LS,ND",6,4,far,cover,cirspp,9,,SA,22-Sep-19
Oakridge,9-Sep-19,LS,6,4,near,uncover,cirspp,30,,SA,24-Sep-19
Oakridge,9-Sep-19,LS,6,4,near,cover,cirspp,18,,SA,24-Sep-19
Oakridge,7-Sep-19,"LS,ND",7,1,far,cover,cirspp,27,,SA,22-Sep-19
Oakridge,9-Sep-19,"LS,PS",7,1,near,cover,cirspp,0.5,,SA,24-Sep-19
Oakridge,9-Sep-19,"LS,PS",7,2,near,cover,cirspp,0.5,,SA,24-Sep-19
Oakridge,9-Sep-19,"LS,PS",7,3,near,uncover,cirspp,0.5,,SA,24-Sep-19
Oakridge,7-Sep-19,"LS,ND",7,4,far,cover,cirspp,0.1,,SA,22-Sep-19
Oakridge,8-Sep-19,"LS,PS",8,2,far,cover,cirspp,1,,SA,22-Sep-19
Oakridge,9-Sep-19,"LS,PS",8,3,near,cover,cirspp,0.5,,SA,24-Sep-19
Oakridge,8-Sep-19,"LS,PS",8,4,far,cover,cirspp,1,,SA,22-Sep-19
Oakridge,9-Sep-19,"LS,PS",8,4,near,uncover,cirspp,2,,SA,24-Sep-19
Oakridge,7-Sep-19,"HR,LS,ND,SA",1,2,far,cover,concan,0.5,,SA,22-Sep-19
Oakridge,9-Sep-19,"LS,HR",1,2,near,cover,concan,1,,SA,24-Sep-19
Oakridge,9-Sep-19,"LS,HR",1,2,near,uncover,concan,0.1,,SA,24-Sep-19
Oakridge,9-Sep-19,"LS,HR",1,3,near,cover,concan,0.5,,SA,24-Sep-19
Oakridge,9-Sep-19,"LS,HR",1,3,near,uncover,concan,0.5,,SA,24-Sep-19
Oakridge,7-Sep-19,"HR,LS,ND,SA",1,4,far,uncover,concan,0.1,,SA,22-Sep-19
Oakridge,9-Sep-19,"LS,HR",1,4,near,uncover,concan,0.1,,SA,24-Sep-19
Oakridge,9-Sep-19,"LS,HR",2,1,near,cover,concan,0.5,,SA,24-Sep-19
Oakridge,9-Sep-19,"LS,HR",2,3,near,cover,concan,0.5,,SA,24-Sep-19
Oakridge,9-Sep-19,"LS,HR",2,3,near,uncover,concan,0.1,,SA,24-Sep-19
Oakridge,8-Sep-19,"LS,PS",2,4,far,uncover,concan,0.5,,SA,22-Sep-19
Oakridge,8-Sep-19,"HR,SA",2,4,far,cover,concan,0.5,,SA,22-Sep-19
Oakridge,9-Sep-19,"LS,HR",2,4,near,uncover,concan,0.5,,SA,24-Sep-19
Oakridge,9-Sep-19,LS,3,1,near,uncover,concan,0.1,,SA,24-Sep-19
Oakridge,8-Sep-19,"LS,PS",3,1,far,uncover,concan,0.1,,SA,22-Sep-19
Oakridge,8-Sep-19,"LS,PS",3,2,far,cover,concan,0.1,,SA,22-Sep-19
Oakridge,9-Sep-19,LS,3,2,near,uncover,concan,7,,SA,24-Sep-19
Oakridge,9-Sep-19,LS,3,2,near,cover,concan,1,,SA,24-Sep-19
Oakridge,8-Sep-19,"LS,PS",3,4,far,uncover,concan,1,,SA,22-Sep-19
Oakridge,8-Sep-19,"HR,SA",3,4,far,cover,concan,0.5,,SA,22-Sep-19
Oakridge,9-Sep-19,LS,3,4,near,uncover,concan,0.5,,SA,24-Sep-19
Oakridge,9-Sep-19,LS,3,4,near,cover,concan,0.1,,SA,24-Sep-19
Oakridge,8-Sep-19,"LS,PS",4,2,far,uncover,concan,3,,SA,22-Sep-19
Oakridge,8-Sep-19,"HR,SA",4,2,far,cover,concan,1,,SA,22-Sep-19
Oakridge,8-Sep-19,LS,4,2,near,uncover,concan,3,,SA,24-Sep-19
Oakridge,8-Sep-19,"SA,EE",4,2,near,cover,concan,2,,SA,24-Sep-19
Oakridge,8-Sep-19,"HR,SA",4,4,far,uncover,concan,1,,SA,22-Sep-19
Oakridge,8-Sep-19,LS,4,4,far,cover,concan,0.1,,SA,22-Sep-19
Oakridge,7-Sep-19,"LS,ND",5,1,far,cover,concan,0.1,,SA,22-Sep-19
Oakridge,8-Sep-19,LS,5,1,near,uncover,concan,0.5,,SA,24-Sep-19
Oakridge,8-Sep-19,"SA,EE",5,1,near,cover,concan,3,,SA,24-Sep-19
Oakridge,7-Sep-19,"LS,ND",5,2,far,uncover,concan,0.1,,SA,22-Sep-19
Oakridge,7-Sep-19,"HR,SA",5,2,far,cover,concan,1,,SA,22-Sep-19
Oakridge,8-Sep-19,"SA,EE",5,2,near,uncover,concan,1,,SA,24-Sep-19
Oakridge,8-Sep-19,LS,5,2,near,cover,concan,1,,SA,24-Sep-19
Oakridge,7-Sep-19,"HR,SA",5,3,far,cover,concan,1,,SA,22-Sep-19
Oakridge,8-Sep-19,"SA,EE",5,3,near,uncover,concan,3,,SA,24-Sep-19
Oakridge,8-Sep-19,LS,5,3,near,cover,concan,3,,SA,24-Sep-19
Oakridge,7-Sep-19,"HR,SA",5,4,far,uncover,concan,2,,SA,22-Sep-19
Oakridge,7-Sep-19,"LS,ND",5,4,far,cover,concan,2,,SA,22-Sep-19
Oakridge,8-Sep-19,LS,5,4,near,uncover,concan,0.5,,SA,24-Sep-19
Oakridge,7-Sep-19,"LS,ND",6,1,far,uncover,concan,1,,SA,22-Sep-19
Oakridge,9-Sep-19,LS,6,1,near,cover,concan,0.1,,SA,24-Sep-19
Oakridge,7-Sep-19,"HR,SA",6,2,far,cover,concan,1,,SA,22-Sep-19
Oakridge,9-Sep-19,LS,6,3,near,uncover,concan,0.5,,SA,24-Sep-19
Oakridge,7-Sep-19,"HR,SA",6,4,far,uncover,concan,1,,SA,22-Sep-19
Oakridge,7-Sep-19,"HR,SA",7,1,far,uncover,concan,3,,SA,22-Sep-19
Oakridge,7-Sep-19,"LS,ND",7,1,far,cover,concan,1,,SA,22-Sep-19
Oakridge,9-Sep-19,"LS,PS",7,1,near,uncover,concan,2,,SA,24-Sep-19
Oakridge,9-Sep-19,"LS,PS",7,2,near,uncover,concan,0.5,,SA,24-Sep-19
Oakridge,9-Sep-19,"LS,PS",7,2,near,cover,concan,0.1,,SA,24-Sep-19
Oakridge,9-Sep-19,"LS,PS",7,3,near,uncover,concan,0.1,,SA,24-Sep-19
Oakridge,7-Sep-19,"HR,SA",7,4,far,uncover,concan,4,,SA,22-Sep-19
Oakridge,9-Sep-19,"LS,PS",7,4,near,uncover,concan,0.5,,SA,24-Sep-19
Oakridge,9-Sep-19,"LS,PS",7,4,near,cover,concan,0.1,,SA,24-Sep-19
Oakridge,8-Sep-19,"LS,PS",8,1,far,uncover,concan,0.5,,SA,22-Sep-19
Oakridge,8-Sep-19,"HR,SA",8,1,far,cover,concan,1,,SA,22-Sep-19
Oakridge,9-Sep-19,"LS,PS",8,1,near,cover,concan,0.1,,SA,24-Sep-19
Oakridge,8-Sep-19,"LS,PS",8,2,far,cover,concan,0.5,,SA,22-Sep-19
Oakridge,9-Sep-19,"LS,PS",8,3,near,uncover,concan,1,,SA,24-Sep-19
Oakridge,9-Sep-19,"LS,PS",8,3,near,cover,concan,0.5,,SA,24-Sep-19
Oakridge,8-Sep-19,"HR,SA",8,4,far,uncover,concan,1,,SA,22-Sep-19
Oakridge,9-Sep-19,"LS,PS",8,4,near,uncover,concan,20,,SA,24-Sep-19
Oakridge,9-Sep-19,"LS,PS",8,4,near,cover,concan,2,,SA,24-Sep-19
Oakridge,8-Sep-19,"SA,EE",5,2,near,uncover,corser,30,,SA,24-Sep-19
Oakridge,7-Sep-19,"LS,ND",5,3,far,uncover,corser,8,,SA,22-Sep-19
Oakridge,7-Sep-19,"HR,SA",5,3,far,cover,corser,20,,SA,22-Sep-19
Oakridge,9-Sep-19,LS,6,2,near,uncover,corser,50,,SA,24-Sep-19
Oakridge,7-Sep-19,"HR,SA",6,3,far,uncover,corser,6,,SA,22-Sep-19
Oakridge,7-Sep-19,"LS,ND",7,2,far,uncover,corser,6.5,,SA,22-Sep-19
Oakridge,7-Sep-19,"HR,SA",7,2,far,cover,corser,1,,SA,22-Sep-19
Oakridge,8-Sep-19,"HR,SA",8,4,far,uncover,corser,2.5,,SA,22-Sep-19
Oakridge,8-Sep-19,"LS,PS",8,4,far,cover,corser,2,,SA,22-Sep-19
Oakridge,9-Sep-19,"LS,HR",1,2,near,uncover,dalpur,1.5,,SA,24-Sep-19
Oakridge,7-Sep-19,"HR,LS,ND,SA",1,4,far,cover,dalpur,1,,SA,22-Sep-19
Oakridge,8-Sep-19,"LS,PS",2,2,far,cover,dalpur,10,,SA,22-Sep-19
Oakridge,8-Sep-19,"HR,SA",2,4,far,cover,dalpur,1,,SA,22-Sep-19
Oakridge,8-Sep-19,"HR,SA",3,1,far,cover,dalpur,2,,SA,22-Sep-19
Oakridge,9-Sep-19,LS,3,1,near,cover,dalpur,2.5,,SA,24-Sep-19
Oakridge,8-Sep-19,"LS,PS",3,1,far,uncover,dalpur,6,,SA,22-Sep-19
Oakridge,8-Sep-19,"HR,SA",3,3,far,uncover,dalpur,11,,SA,22-Sep-19
Oakridge,8-Sep-19,"LS,PS",3,3,far,cover,dalpur,0.5,,SA,22-Sep-19
Oakridge,8-Sep-19,"SA,EE",4,4,near,uncover,dalpur,2,,SA,24-Sep-19
Oakridge,8-Sep-19,LS,4,4,far,cover,dalpur,0.5,,SA,22-Sep-19
Oakridge,7-Sep-19,"LS,ND",7,2,far,uncover,dalpur,1,,SA,22-Sep-19
Oakridge,8-Sep-19,"LS,PS",8,1,far,uncover,daucar,3,,SA,22-Sep-19
Oakridge,9-Sep-19,"LS,PS",8,1,near,uncover,daucar,0.5,,SA,24-Sep-19
Oakridge,9-Sep-19,"LS,PS",8,1,near,cover,daucar,1,,SA,24-Sep-19
Oakridge,9-Sep-19,LS,3,4,near,uncover,denspp,2,,SA,24-Sep-19
Oakridge,9-Sep-19,LS,6,2,near,cover,denspp,0.1,,SA,24-Sep-19
Oakridge,7-Sep-19,"HR,LS,ND,SA",1,1,far,uncover,descan,11,,SA,22-Sep-19
Oakridge,9-Sep-19,"LS,HR",1,1,near,cover,descan,7,,SA,24-Sep-19
Oakridge,9-Sep-19,"LS,HR",1,1,near,uncover,descan,10,,SA,24-Sep-19
Oakridge,9-Sep-19,"LS,HR",1,2,near,uncover,descan,8,,SA,24-Sep-19
Oakridge,7-Sep-19,"HR,LS,ND,SA",1,2,far,uncover,descan,3,,SA,22-Sep-19
Oakridge,7-Sep-19,"HR,LS,ND,SA",1,2,far,cover,descan,8,,SA,22-Sep-19
Oakridge,9-Sep-19,"LS,HR",1,2,near,cover,descan,25,,SA,24-Sep-19
Oakridge,9-Sep-19,"LS,HR",1,3,near,cover,descan,6,,SA,24-Sep-19
Oakridge,7-Sep-19,"HR,LS,ND,SA",1,4,far,cover,descan,7,,SA,22-Sep-19
Oakridge,9-Sep-19,"LS,HR",1,4,near,cover,descan,15,,SA,24-Sep-19
Oakridge,9-Sep-19,"LS,HR",1,4,near,uncover,descan,9,,SA,24-Sep-19
Oakridge,8-Sep-19,"HR,SA",2,1,far,uncover,descan,1,,SA,22-Sep-19
Oakridge,9-Sep-19,"LS,HR",2,1,near,cover,descan,0.1,,SA,24-Sep-19
Oakridge,9-Sep-19,"LS,HR",2,1,near,uncover,descan,2,,SA,24-Sep-19
Oakridge,9-Sep-19,"LS,HR",2,2,near,cover,descan,55,,SA,24-Sep-19
Oakridge,9-Sep-19,"LS,HR",2,2,near,uncover,descan,4,,SA,24-Sep-19
Oakridge,9-Sep-19,"LS,HR",2,3,near,cover,descan,22,,SA,24-Sep-19
Oakridge,9-Sep-19,"LS,HR",2,3,near,uncover,descan,8,,SA,24-Sep-19
Oakridge,9-Sep-19,"LS,HR",2,4,near,cover,descan,25,,SA,24-Sep-19
Oakridge,9-Sep-19,"LS,HR",2,4,near,uncover,descan,10,,SA,24-Sep-19
Oakridge,8-Sep-19,"HR,SA",3,1,far,cover,descan,20,,SA,22-Sep-19
Oakridge,9-Sep-19,LS,3,1,near,cover,descan,1,,SA,24-Sep-19
Oakridge,9-Sep-19,LS,3,1,near,uncover,descan,23,,SA,24-Sep-19
Oakridge,8-Sep-19,"LS,PS",3,3,far,cover,descan,4,,SA,22-Sep-19
Oakridge,9-Sep-19,LS,3,3,near,uncover,descan,2,,SA,24-Sep-19
Oakridge,9-Sep-19,LS,3,3,near,cover,descan,6,,SA,24-Sep-19
Oakridge,9-Sep-19,LS,3,4,near,cover,descan,5,,SA,24-Sep-19
Oakridge,8-Sep-19,"LS,PS",4,1,far,cover,descan,10,,SA,22-Sep-19
Oakridge,8-Sep-19,"LS,SA",4,1,near,uncover,descan,2,,SA,24-Sep-19
Oakridge,8-Sep-19,"LS,SA",4,1,near,cover,descan,12,,SA,24-Sep-19
Oakridge,8-Sep-19,"HR,SA",4,2,far,cover,descan,6,,SA,22-Sep-19
Oakridge,8-Sep-19,LS,4,2,near,uncover,descan,35,,SA,24-Sep-19
Oakridge,8-Sep-19,"SA,EE",4,2,near,cover,descan,40,,SA,24-Sep-19
Oakridge,8-Sep-19,"HR,SA",4,3,far,cover,descan,20,,SA,22-Sep-19
Oakridge,8-Sep-19,"SA,EE",4,3,near,uncover,descan,5,,SA,24-Sep-19
Oakridge,8-Sep-19,LS,4,3,near,cover,descan,65,,SA,24-Sep-19
Oakridge,8-Sep-19,LS,4,4,far,cover,descan,8,,SA,22-Sep-19
Oakridge,8-Sep-19,"SA,EE",4,4,near,uncover,descan,10,,SA,24-Sep-19
Oakridge,8-Sep-19,LS,4,4,near,cover,descan,35,,SA,24-Sep-19
Oakridge,8-Sep-19,LS,5,1,near,uncover,descan,3,,SA,24-Sep-19
Oakridge,8-Sep-19,"SA,EE",5,2,near,uncover,descan,10,,SA,24-Sep-19
Oakridge,8-Sep-19,LS,5,2,near,cover,descan,30,,SA,24-Sep-19
Oakridge,8-Sep-19,"SA,EE",5,3,near,uncover,descan,8,,SA,24-Sep-19
Oakridge,7-Sep-19,"LS,ND",5,3,far,uncover,descan,35,,SA,22-Sep-19
Oakridge,8-Sep-19,LS,5,3,near,cover,descan,50,,SA,24-Sep-19
Oakridge,8-Sep-19,"SA,EE",5,4,near,cover,descan,10,,SA,24-Sep-19
Oakridge,8-Sep-19,LS,5,4,near,uncover,descan,25,,SA,24-Sep-19
Oakridge,9-Sep-19,LS,6,3,near,cover,descan,11,,SA,24-Sep-19
Oakridge,9-Sep-19,LS,6,4,near,cover,descan,15,,SA,24-Sep-19
Oakridge,7-Sep-19,"LS,ND",7,1,far,cover,descan,10,,SA,22-Sep-19
Oakridge,9-Sep-19,"LS,PS",7,1,near,uncover,descan,7,,SA,24-Sep-19
Oakridge,9-Sep-19,"LS,PS",7,1,near,cover,descan,27,,SA,24-Sep-19
Oakridge,7-Sep-19,"LS,ND",7,2,far,uncover,descan,6,,SA,22-Sep-19
Oakridge,7-Sep-19,"HR,SA",7,2,far,cover,descan,13,,SA,22-Sep-19
Oakridge,9-Sep-19,"LS,PS",7,2,near,cover,descan,20,,SA,24-Sep-19
Oakridge,7-Sep-19,"HR,SA",7,3,far,cover,descan,6,,SA,22-Sep-19
Oakridge,9-Sep-19,"LS,PS",7,3,near,uncover,descan,1,,SA,24-Sep-19
Oakridge,9-Sep-19,"LS,PS",7,3,near,cover,descan,40,,SA,24-Sep-19
Oakridge,7-Sep-19,"LS,ND",7,4,far,cover,descan,22,,SA,22-Sep-19
Oakridge,9-Sep-19,"LS,PS",7,4,near,uncover,descan,5,,SA,24-Sep-19
Oakridge,9-Sep-19,"LS,PS",7,4,near,cover,descan,13,,SA,24-Sep-19
Oakridge,9-Sep-19,"LS,PS",8,3,near,cover,descan,7,,SA,24-Sep-19
Oakridge,8-Sep-19,"HR,SA",8,3,far,cover,descan,4,,SA,22-Sep-19
Oakridge,9-Sep-19,"LS,PS",8,4,near,uncover,descan,1,,SA,24-Sep-19
Oakridge,9-Sep-19,"LS,PS",8,4,near,cover,descan,2,,SA,24-Sep-19
Oakridge,8-Sep-19,"HR,SA",8,4,far,uncover,descan,5,,SA,22-Sep-19
Oakridge,9-Sep-19,"LS,PS",7,3,near,uncover,echpal,2,,SA,24-Sep-19
Oakridge,9-Sep-19,"LS,HR",2,1,near,cover,elycan,0.1,,SA,24-Sep-19
Oakridge,9-Sep-19,"LS,HR",2,2,near,cover,elycan,1,,SA,24-Sep-19
Oakridge,8-Sep-19,"LS,PS",4,2,far,uncover,elycan,1,,SA,22-Sep-19
Oakridge,8-Sep-19,"SA,EE",4,2,near,cover,elycan,1,,SA,24-Sep-19
Oakridge,8-Sep-19,"HR,SA",4,3,far,cover,elycan,2,,SA,22-Sep-19
Oakridge,7-Sep-19,"LS,ND",5,4,far,cover,elycan,0.5,,SA,22-Sep-19
Oakridge,9-Sep-19,LS,6,1,near,uncover,elycan,1,,SA,24-Sep-19
Oakridge,9-Sep-19,LS,6,2,near,uncover,elycan,0.5,,SA,24-Sep-19
Oakridge,9-Sep-19,LS,6,2,near,cover,elycan,0.1,,SA,24-Sep-19
Oakridge,7-Sep-19,"HR,SA",6,4,far,uncover,elycan,3,,SA,22-Sep-19
Oakridge,7-Sep-19,"LS,ND",7,2,far,uncover,elycan,1,,SA,22-Sep-19
Oakridge,9-Sep-19,"LS,PS",7,2,near,uncover,elycan,0.1,,SA,24-Sep-19
Oakridge,7-Sep-19,"HR,SA",7,4,far,uncover,elycan,0.5,,SA,22-Sep-19
Oakridge,9-Sep-19,"LS,PS",8,2,near,uncover,elycan,0.5,,SA,24-Sep-19
Oakridge,9-Sep-19,"LS,PS",8,3,near,uncover,elycan,1,,SA,24-Sep-19
Oakridge,9-Sep-19,"LS,PS",8,4,near,uncover,elycan,1,,SA,24-Sep-19
Oakridge,9-Sep-19,LS,6,4,near,cover,elyspp,1,,SA,24-Sep-19
Oakridge,9-Sep-19,LS,3,4,near,cover,elyvir,1,,SA,24-Sep-19
Oakridge,8-Sep-19,"SA,EE",4,2,near,cover,elyvir,1,,SA,24-Sep-19
Oakridge,8-Sep-19,LS,5,2,near,cover,elyvir,1,,SA,24-Sep-19
Oakridge,9-Sep-19,LS,6,1,near,cover,elyvir,1,,SA,24-Sep-19
Oakridge,9-Sep-19,LS,6,3,near,uncover,elyvir,1,,SA,24-Sep-19
Oakridge,9-Sep-19,"LS,PS",8,4,near,uncover,elyvir,3,,SA,24-Sep-19
Oakridge,8-Sep-19,"LS,PS",2,4,far,uncover,eriann,1,,SA,22-Sep-19
Oakridge,8-Sep-19,"HR,SA",2,4,far,cover,eriann,0.5,,SA,22-Sep-19
Oakridge,7-Sep-19,"HR,SA",5,2,far,cover,eriann,6,,SA,22-Sep-19
Oakridge,7-Sep-19,"HR,SA",7,3,far,cover,eriann,1,,SA,22-Sep-19
Oakridge,8-Sep-19,"HR,SA",8,3,far,cover,eriann,3,,SA,22-Sep-19
Oakridge,9-Sep-19,"LS,PS",8,3,near,uncover,eriann,1,,SA,24-Sep-19
Oakridge,9-Sep-19,"LS,PS",8,2,near,cover,ericon,0.1,cupgrass,SA,24-Sep-19
Oakridge,8-Sep-19,"HR,SA",8,3,far,cover,ericon,0.5,eriochloa contracta,SA,22-Sep-19
Oakridge,9-Sep-19,"LS,PS",8,3,near,uncover,ericon,0.1,,SA,24-Sep-19
Oakridge,9-Sep-19,LS,6,2,near,cover,eryyuc,22,,SA,24-Sep-19
Oakridge,9-Sep-19,"LS,PS",7,2,near,uncover,eryyuc,1,,SA,24-Sep-19
Oakridge,9-Sep-19,"LS,PS",7,2,near,cover,eryyuc,1,,SA,24-Sep-19
Oakridge,9-Sep-19,"LS,PS",7,4,near,cover,eryyuc,1,,SA,24-Sep-19
Oakridge,8-Sep-19,LS,4,2,near,uncover,eupmac,0.1,,SA,24-Sep-19
Oakridge,9-Sep-19,"LS,PS",7,2,near,cover,galbor,1,,SA,24-Sep-19
Oakridge,8-Sep-19,"HR,SA",8,3,far,cover,galbor,4,,SA,22-Sep-19
Oakridge,9-Sep-19,LS,3,2,near,cover,geuspp,4,,SA,24-Sep-19
Oakridge,7-Sep-19,"LS,ND",6,2,far,uncover,geuspp,7,geum spp.,SA,22-Sep-19
Oakridge,7-Sep-19,"HR,SA",6,2,far,cover,geuspp,12.5,geum spp.,SA,22-Sep-19
Oakridge,7-Sep-19,"HR,SA",7,1,far,uncover,geuspp,4,geum spp.,SA,22-Sep-19
Oakridge,7-Sep-19,"LS,ND",7,1,far,cover,geuspp,6,geum spp.,SA,22-Sep-19
Oakridge,9-Sep-19,"LS,PS",7,1,near,uncover,geuspp,3,,SA,24-Sep-19
Oakridge,9-Sep-19,"LS,PS",7,1,near,cover,geuspp,9,,SA,24-Sep-19
Oakridge,7-Sep-19,"LS,ND",7,2,far,uncover,geuspp,1,geum spp.,SA,22-Sep-19
Oakridge,9-Sep-19,"LS,PS",7,2,near,uncover,geuspp,2,,SA,24-Sep-19
Oakridge,9-Sep-19,"LS,PS",7,2,near,cover,geuspp,3,,SA,24-Sep-19
Oakridge,7-Sep-19,"HR,SA",7,4,far,uncover,geuspp,8,geum spp.,SA,22-Sep-19
Oakridge,9-Sep-19,"LS,PS",7,4,near,uncover,geuspp,50,,SA,24-Sep-19
Oakridge,9-Sep-19,"LS,PS",7,4,near,cover,geuspp,4,,SA,24-Sep-19
Oakridge,8-Sep-19,"LS,PS",8,3,far,uncover,geuspp,2,geum spp.,SA,22-Sep-19
Oakridge,8-Sep-19,"HR,SA",8,4,far,uncover,geuspp,30,,SA,22-Sep-19
Oakridge,8-Sep-19,"LS,PS",8,4,far,cover,geuspp,18,,SA,22-Sep-19
Oakridge,7-Sep-19,"HR,LS,ND,SA",1,3,far,uncover,glehed,55,,SA,22-Sep-19
Oakridge,7-Sep-19,"HR,LS,ND,SA",1,3,far,cover,glehed,30,,SA,22-Sep-19
Oakridge,8-Sep-19,LS,2,1,far,cover,glehed,7,,SA,22-Sep-19
Oakridge,9-Sep-19,"LS,HR",2,1,near,cover,glehed,1,,SA,24-Sep-19
Oakridge,8-Sep-19,"LS,PS",3,1,far,uncover,glehed,1,,SA,22-Sep-19
Oakridge,9-Sep-19,LS,3,1,near,cover,glehed,0.5,,SA,24-Sep-19
Oakridge,9-Sep-19,LS,3,4,near,cover,glehed,0.5,,SA,24-Sep-19
Oakridge,9-Sep-19,LS,6,3,near,uncover,glehed,1,,SA,24-Sep-19
Oakridge,7-Sep-19,"HR,SA",6,4,far,uncover,glehed,7,,SA,22-Sep-19
Oakridge,7-Sep-19,"HR,SA",7,3,far,cover,glehed,0.5,,SA,22-Sep-19
Oakridge,9-Sep-19,"LS,PS",7,3,near,cover,glehed,0.5,,SA,24-Sep-19
Oakridge,7-Sep-19,"LS,ND",7,4,far,cover,glehed,0.1,,SA,22-Sep-19
Oakridge,9-Sep-19,"LS,PS",7,4,near,uncover,glehed,0.5,,SA,24-Sep-19
Oakridge,8-Sep-19,"LS,PS",8,1,far,uncover,glehed,0.1,,SA,22-Sep-19
Oakridge,8-Sep-19,"HR,SA",2,3,far,uncover,gletri,0.5,gelditsia triacanthos.,SA,22-Sep-19
Oakridge,9-Sep-19,"LS,HR",1,1,near,cover,hacvir,0.1,all originally identified as plantago major but they were the heart leafed basal rosettes which were hackelia virginiana,SA,24-Sep-19
Oakridge,7-Sep-19,"HR,LS,ND,SA",1,2,far,cover,hacvir,0.5,sticky seed ,SA,22-Sep-19
Oakridge,9-Sep-19,"LS,HR",1,2,near,cover,hacvir,0.5,,SA,24-Sep-19
Oakridge,9-Sep-19,"LS,HR",1,2,near,uncover,hacvir,0.1,,SA,24-Sep-19
Oakridge,9-Sep-19,"LS,HR",1,3,near,cover,hacvir,0.5,all originally identified as plantago major but they were the heart leafed basal rosettes which were hackelia virginiana,SA,24-Sep-19
Oakridge,9-Sep-19,"LS,HR",1,4,near,cover,hacvir,0.1,all originally identified as plantago major but they were the heart leafed basal rosettes which were hackelia virginiana,SA,24-Sep-19
Oakridge,9-Sep-19,"LS,HR",2,1,near,cover,hacvir,0.1,all originally identified as plantago major but they were the heart leafed basal rosettes which were hackelia virginiana,SA,24-Sep-19
Oakridge,9-Sep-19,"LS,HR",2,2,near,cover,hacvir,0.1,all originally identified as plantago major but they were the heart leafed basal rosettes which were hackelia virginiana,SA,24-Sep-19
Oakridge,9-Sep-19,"LS,HR",2,2,near,uncover,hacvir,0.5,all originally identified as plantago major but they were the heart leafed basal rosettes which were hackelia virginiana,SA,24-Sep-19
Oakridge,9-Sep-19,"LS,HR",2,3,near,cover,hacvir,2,all originally identified as plantago major but they were the heart leafed basal rosettes which were hackelia virginiana,SA,24-Sep-19
Oakridge,9-Sep-19,"LS,HR",2,3,near,uncover,hacvir,0.5,all originally identified as plantago major but they were the heart leafed basal rosettes which were hackelia virginiana,SA,24-Sep-19
Oakridge,9-Sep-19,"LS,HR",2,4,near,uncover,hacvir,0.1,all originally identified as plantago major but they were the heart leafed basal rosettes which were hackelia virginiana,SA,24-Sep-19
Oakridge,9-Sep-19,LS,3,2,near,cover,hacvir,1,,SA,24-Sep-19
Oakridge,9-Sep-19,LS,3,2,near,uncover,hacvir,0.5,all originally identified as plantago major but they were the heart leafed basal rosettes which were hackelia virginiana,SA,24-Sep-19
Oakridge,8-Sep-19,"LS,PS",3,2,far,cover,hacvir,0.5,unknown basal,SA,22-Sep-19
Oakridge,9-Sep-19,LS,3,3,near,cover,hacvir,0.5,all originally identified as plantago major but they were the heart leafed basal rosettes which were hackelia virginiana,SA,24-Sep-19
Oakridge,9-Sep-19,LS,3,4,near,cover,hacvir,4,,SA,24-Sep-19
Oakridge,8-Sep-19,"LS,SA",4,1,near,cover,hacvir,0.5,unknown basal,SA,24-Sep-19
Oakridge,8-Sep-19,"LS,PS",4,2,far,uncover,hacvir,0.5,unknown basal,SA,22-Sep-19
Oakridge,8-Sep-19,"HR,SA",4,2,far,cover,hacvir,0.1,unknown basal,SA,22-Sep-19
Oakridge,8-Sep-19,LS,4,2,near,uncover,hacvir,1,unknown basal,SA,24-Sep-19
Oakridge,8-Sep-19,"SA,EE",4,2,near,cover,hacvir,1,unknown basal,SA,24-Sep-19
Oakridge,8-Sep-19,"SA,EE",4,3,near,uncover,hacvir,0.1,unknown basal,SA,24-Sep-19
Oakridge,8-Sep-19,LS,4,3,near,cover,hacvir,0.1,unknown basal,SA,24-Sep-19
Oakridge,9-Sep-19,LS,6,2,near,cover,hacvir,0.5,all originally identified as plantago major but they were the heart leafed basal rosettes which were hackelia virginiana,SA,24-Sep-19
Oakridge,9-Sep-19,LS,6,2,near,uncover,hacvir,0.5,all originally identified as plantago major but they were the heart leafed basal rosettes which were hackelia virginiana,SA,24-Sep-19
Oakridge,9-Sep-19,"LS,PS",7,1,near,uncover,hacvir,2,,SA,24-Sep-19
Oakridge,9-Sep-19,"LS,PS",7,2,near,cover,hacvir,1,,SA,24-Sep-19
Oakridge,9-Sep-19,"LS,PS",7,2,near,uncover,hacvir,0.5,all originally identified as plantago major but they were the heart leafed basal rosettes which were hackelia virginiana,SA,24-Sep-19
Oakridge,7-Sep-19,"LS,ND",7,2,far,uncover,hacvir,0.5,unknown basal,SA,22-Sep-19
Oakridge,8-Sep-19,"HR,SA",8,4,far,uncover,hacvir,2,hackelia virginiana (sticky seed,SA,22-Sep-19
Oakridge,9-Sep-19,"LS,PS",8,4,near,uncover,hacvir,1,,SA,24-Sep-19
Oakridge,8-Sep-19,"LS,PS",3,1,far,uncover,junspp,0.5,,SA,22-Sep-19
Oakridge,7-Sep-19,"HR,SA",6,2,far,cover,junspp,1,,SA,22-Sep-19
Oakridge,8-Sep-19,LS,5,4,near,uncover,lacser,3,,SA,24-Sep-19
Oakridge,8-Sep-19,LS,2,1,far,cover,lepden,0.1,,SA,22-Sep-19
Oakridge,9-Sep-19,LS,3,4,near,cover,lepden,1,,SA,24-Sep-19
Oakridge,9-Sep-19,LS,6,1,near,cover,lepden,0.1,,SA,24-Sep-19
Oakridge,8-Sep-19,"LS,PS",8,2,far,cover,lepden,0.1,,SA,22-Sep-19
Oakridge,9-Sep-19,"LS,PS",8,4,near,uncover,lepden,0.1,,SA,24-Sep-19
Oakridge,9-Sep-19,"LS,PS",8,4,near,cover,lepden,1,,SA,24-Sep-19
Oakridge,7-Sep-19,"HR,LS,ND,SA",1,1,far,uncover,lescap,5,,SA,22-Sep-19
Oakridge,7-Sep-19,"HR,LS,ND,SA",1,1,far,cover,lescap,10,,SA,22-Sep-19
Oakridge,9-Sep-19,"LS,HR",1,1,near,cover,lescap,2,,SA,24-Sep-19
Oakridge,7-Sep-19,"HR,LS,ND,SA",1,2,far,uncover,lescap,24,,SA,22-Sep-19
Oakridge,7-Sep-19,"HR,LS,ND,SA",1,2,far,cover,lescap,35,,SA,22-Sep-19
Oakridge,9-Sep-19,"LS,HR",1,2,near,cover,lescap,0.5,,SA,24-Sep-19
Oakridge,7-Sep-19,"HR,LS,ND,SA",1,3,far,uncover,lescap,48,,SA,22-Sep-19
Oakridge,7-Sep-19,"HR,LS,ND,SA",1,3,far,cover,lescap,60,,SA,22-Sep-19
Oakridge,9-Sep-19,"LS,HR",1,3,near,cover,lescap,25,,SA,24-Sep-19
Oakridge,9-Sep-19,"LS,HR",1,3,near,uncover,lescap,4,,SA,24-Sep-19
Oakridge,7-Sep-19,"HR,LS,ND,SA",1,4,far,cover,lescap,1,,SA,22-Sep-19
Oakridge,9-Sep-19,"LS,HR",1,4,near,cover,lescap,5,,SA,24-Sep-19
Oakridge,9-Sep-19,"LS,HR",1,4,near,uncover,lescap,6,,SA,24-Sep-19
Oakridge,8-Sep-19,"HR,SA",2,1,far,uncover,lescap,9,,SA,22-Sep-19
Oakridge,8-Sep-19,LS,2,1,far,cover,lescap,7,,SA,22-Sep-19
Oakridge,9-Sep-19,"LS,HR",2,1,near,cover,lescap,3,,SA,24-Sep-19
Oakridge,9-Sep-19,"LS,HR",2,1,near,uncover,lescap,5,,SA,24-Sep-19
Oakridge,9-Sep-19,"LS,HR",2,2,near,uncover,lescap,1,,SA,24-Sep-19
Oakridge,8-Sep-19,"LS,PS",2,3,far,cover,lescap,2,,SA,22-Sep-19
Oakridge,9-Sep-19,"LS,HR",2,3,near,cover,lescap,3,,SA,24-Sep-19
Oakridge,9-Sep-19,"LS,HR",2,3,near,uncover,lescap,0.5,,SA,24-Sep-19
Oakridge,8-Sep-19,"HR,SA",2,4,far,cover,lescap,0.75,,SA,22-Sep-19
Oakridge,9-Sep-19,"LS,HR",2,4,near,cover,lescap,2,,SA,24-Sep-19
Oakridge,9-Sep-19,"LS,HR",2,4,near,uncover,lescap,4,,SA,24-Sep-19
Oakridge,8-Sep-19,"HR,SA",3,1,far,cover,lescap,0.5,,SA,22-Sep-19
Oakridge,8-Sep-19,"HR,SA",3,2,far,uncover,lescap,10,,SA,22-Sep-19
Oakridge,8-Sep-19,"LS,PS",3,2,far,cover,lescap,2,,SA,22-Sep-19
Oakridge,9-Sep-19,LS,3,2,near,cover,lescap,2,,SA,24-Sep-19
Oakridge,9-Sep-19,LS,3,3,near,uncover,lescap,2,,SA,24-Sep-19
Oakridge,9-Sep-19,LS,3,3,near,cover,lescap,8,,SA,24-Sep-19
Oakridge,8-Sep-19,"LS,PS",3,4,far,uncover,lescap,6,,SA,22-Sep-19
Oakridge,8-Sep-19,"HR,SA",3,4,far,cover,lescap,40,,SA,22-Sep-19
Oakridge,9-Sep-19,LS,3,4,near,uncover,lescap,3,,SA,24-Sep-19
Oakridge,9-Sep-19,LS,3,4,near,cover,lescap,2,,SA,24-Sep-19
Oakridge,8-Sep-19,"HR,SA",4,1,far,uncover,lescap,20,,SA,22-Sep-19
Oakridge,8-Sep-19,"LS,PS",4,1,far,cover,lescap,5,,SA,22-Sep-19
Oakridge,8-Sep-19,"LS,PS",4,2,far,uncover,lescap,8,,SA,22-Sep-19
Oakridge,8-Sep-19,"HR,SA",4,2,far,cover,lescap,30,,SA,22-Sep-19
Oakridge,8-Sep-19,LS,4,2,near,uncover,lescap,0.5,,SA,24-Sep-19
Oakridge,8-Sep-19,"SA,EE",4,3,near,uncover,lescap,8,,SA,24-Sep-19
Oakridge,7-Sep-19,"HR,SA",5,1,far,uncover,lescap,25,,SA,22-Sep-19
Oakridge,8-Sep-19,LS,5,1,near,uncover,lescap,2,,SA,24-Sep-19
Oakridge,8-Sep-19,"SA,EE",5,1,near,cover,lescap,10,,SA,24-Sep-19
Oakridge,7-Sep-19,"LS,ND",5,2,far,uncover,lescap,4,,SA,22-Sep-19
Oakridge,7-Sep-19,"HR,SA",5,2,far,cover,lescap,22,,SA,22-Sep-19
Oakridge,8-Sep-19,"SA,EE",5,2,near,uncover,lescap,1,,SA,24-Sep-19
Oakridge,8-Sep-19,LS,5,2,near,cover,lescap,5,,SA,24-Sep-19
Oakridge,7-Sep-19,"LS,ND",5,3,far,uncover,lescap,1,,SA,22-Sep-19
Oakridge,7-Sep-19,"HR,SA",5,3,far,cover,lescap,5,,SA,22-Sep-19
Oakridge,8-Sep-19,LS,5,3,near,cover,lescap,0.5,,SA,24-Sep-19
Oakridge,7-Sep-19,"HR,SA",5,4,far,uncover,lescap,1,,SA,22-Sep-19
Oakridge,7-Sep-19,"LS,ND",6,1,far,uncover,lescap,2,,SA,22-Sep-19
Oakridge,7-Sep-19,"HR,SA",6,1,far,cover,lescap,20,,SA,22-Sep-19
Oakridge,9-Sep-19,LS,6,1,near,cover,lescap,0.1,,SA,24-Sep-19
Oakridge,7-Sep-19,"LS,ND",6,2,far,uncover,lescap,2,,SA,22-Sep-19
Oakridge,7-Sep-19,"HR,SA",6,2,far,cover,lescap,2,,SA,22-Sep-19
Oakridge,9-Sep-19,LS,6,2,near,uncover,lescap,3,,SA,24-Sep-19
Oakridge,9-Sep-19,LS,6,2,near,cover,lescap,24,,SA,24-Sep-19
Oakridge,9-Sep-19,LS,6,3,near,uncover,lescap,1,,SA,24-Sep-19
Oakridge,9-Sep-19,LS,6,3,near,cover,lescap,6,,SA,24-Sep-19
Oakridge,7-Sep-19,"LS,ND",6,4,far,cover,lescap,0.5,,SA,22-Sep-19
Oakridge,7-Sep-19,"HR,SA",7,1,far,uncover,lescap,12,,SA,22-Sep-19
Oakridge,7-Sep-19,"LS,ND",7,1,far,cover,lescap,14,,SA,22-Sep-19
Oakridge,9-Sep-19,"LS,PS",7,1,near,uncover,lescap,2,,SA,24-Sep-19
Oakridge,9-Sep-19,"LS,PS",7,1,near,cover,lescap,2,,SA,24-Sep-19
Oakridge,7-Sep-19,"LS,ND",7,2,far,uncover,lescap,4,,SA,22-Sep-19
Oakridge,7-Sep-19,"HR,SA",7,2,far,cover,lescap,7,,SA,22-Sep-19
Oakridge,9-Sep-19,"LS,PS",7,2,near,uncover,lescap,11,,SA,24-Sep-19
Oakridge,9-Sep-19,"LS,PS",7,2,near,cover,lescap,1,,SA,24-Sep-19
Oakridge,7-Sep-19,"LS,ND",7,3,far,uncover,lescap,6,,SA,22-Sep-19
Oakridge,9-Sep-19,"LS,PS",7,3,near,uncover,lescap,2,,SA,24-Sep-19
Oakridge,7-Sep-19,"HR,SA",7,4,far,uncover,lescap,8,,SA,22-Sep-19
Oakridge,7-Sep-19,"LS,ND",7,4,far,cover,lescap,10,,SA,22-Sep-19
Oakridge,9-Sep-19,"LS,PS",7,4,near,uncover,lescap,4,,SA,24-Sep-19
Oakridge,9-Sep-19,"LS,PS",7,4,near,cover,lescap,2,,SA,24-Sep-19
Oakridge,8-Sep-19,"HR,SA",8,1,far,cover,lescap,1,,SA,22-Sep-19
Oakridge,9-Sep-19,"LS,PS",8,1,near,uncover,lescap,5,,SA,24-Sep-19
Oakridge,9-Sep-19,"LS,PS",8,1,near,cover,lescap,1,,SA,24-Sep-19
Oakridge,8-Sep-19,"HR,SA",8,2,far,uncover,lescap,12.5,,SA,22-Sep-19
Oakridge,8-Sep-19,"LS,PS",8,2,far,cover,lescap,18,,SA,22-Sep-19
Oakridge,9-Sep-19,"LS,PS",8,2,near,uncover,lescap,3,,SA,24-Sep-19
Oakridge,9-Sep-19,"LS,PS",8,2,near,cover,lescap,1,,SA,24-Sep-19
Oakridge,8-Sep-19,"LS,PS",8,3,far,uncover,lescap,5,,SA,22-Sep-19
Oakridge,8-Sep-19,"HR,SA",8,3,far,cover,lescap,4,,SA,22-Sep-19
Oakridge,9-Sep-19,"LS,PS",8,3,near,cover,lescap,2,,SA,24-Sep-19
Oakridge,8-Sep-19,"LS,PS",8,4,far,cover,lescap,3,,SA,22-Sep-19
Oakridge,9-Sep-19,"LS,PS",8,4,near,cover,lescap,1,,SA,24-Sep-19
Oakridge,9-Sep-19,"LS,HR",1,1,near,uncover,lonspp,1,lonicera spp,SA,24-Sep-19
Oakridge,7-Sep-19,"HR,SA",5,3,far,cover,medlup,0.1,,SA,22-Sep-19
Oakridge,9-Sep-19,"LS,HR",2,1,near,cover,moralb,0.5,,SA,24-Sep-19
Oakridge,8-Sep-19,"LS,PS",3,4,far,uncover,moralb,1,,SA,22-Sep-19
Oakridge,9-Sep-19,LS,6,3,near,uncover,moralb,3,,SA,24-Sep-19
Oakridge,7-Sep-19,"LS,ND",6,2,far,uncover,muhsch,3,cannot read handwriting,SA,22-Sep-19
Oakridge,7-Sep-19,"HR,SA",6,2,far,cover,muhsch,5,,SA,22-Sep-19
Oakridge,9-Sep-19,"LS,PS",8,4,near,uncover,muhsch,1,Muhlenbergia schreberi,SA,24-Sep-19
Oakridge,8-Sep-19,"HR,SA",3,2,far,uncover,oenspp,1.5,,SA,22-Sep-19
Oakridge,7-Sep-19,"LS,ND",5,2,far,uncover,oenspp,1,,SA,22-Sep-19
Oakridge,7-Sep-19,"LS,ND",6,2,far,uncover,oenspp,0.5,,SA,22-Sep-19
Oakridge,7-Sep-19,"LS,ND",6,3,far,cover,oenspp,0.1,,SA,22-Sep-19
Oakridge,9-Sep-19,LS,6,3,near,cover,oenspp,1,,SA,24-Sep-19
Oakridge,7-Sep-19,"LS,ND",6,4,far,cover,oenspp,0.1,,SA,22-Sep-19
Oakridge,7-Sep-19,"LS,ND",7,1,far,cover,oenspp,0.5,,SA,22-Sep-19
Oakridge,9-Sep-19,"LS,PS",7,2,near,cover,oenspp,0.5,,SA,24-Sep-19
Oakridge,9-Sep-19,"LS,PS",7,3,near,uncover,oenspp,1,,SA,24-Sep-19
Oakridge,9-Sep-19,"LS,HR",2,1,near,cover,oxastr,0.5,,SA,24-Sep-19
Oakridge,9-Sep-19,"LS,HR",2,3,near,cover,oxastr,1,,SA,24-Sep-19
Oakridge,8-Sep-19,"LS,PS",3,4,far,uncover,oxastr,0.1,,SA,22-Sep-19
Oakridge,8-Sep-19,"HR,SA",3,4,far,cover,oxastr,1,,SA,22-Sep-19
Oakridge,8-Sep-19,LS,4,2,near,uncover,oxastr,0.1,,SA,24-Sep-19
Oakridge,8-Sep-19,LS,4,3,near,cover,oxastr,0.1,,SA,24-Sep-19
Oakridge,8-Sep-19,LS,5,1,near,uncover,oxastr,0.1,,SA,24-Sep-19
Oakridge,7-Sep-19,"HR,SA",5,3,far,cover,oxastr,0.5,,SA,22-Sep-19
Oakridge,8-Sep-19,LS,5,3,near,cover,oxastr,0.1,,SA,24-Sep-19
Oakridge,7-Sep-19,"HR,SA",5,4,far,uncover,oxastr,0.5,,SA,22-Sep-19
Oakridge,8-Sep-19,LS,5,4,near,uncover,oxastr,0.1,,SA,24-Sep-19
Oakridge,7-Sep-19,"LS,ND",6,1,far,uncover,oxastr,0.1,,SA,22-Sep-19
Oakridge,9-Sep-19,LS,6,2,near,uncover,oxastr,0.1,,SA,24-Sep-19
Oakridge,9-Sep-19,"LS,PS",7,3,near,cover,oxastr,0.5,,SA,24-Sep-19
Oakridge,9-Sep-19,"LS,PS",7,4,near,uncover,oxastr,0.1,,SA,24-Sep-19
Oakridge,8-Sep-19,"LS,PS",8,2,far,cover,oxastr,0.1,,SA,22-Sep-19
Oakridge,9-Sep-19,"LS,PS",8,3,near,uncover,oxastr,0.1,,SA,24-Sep-19
Oakridge,9-Sep-19,"LS,PS",8,4,near,uncover,oxastr,3,,SA,24-Sep-19
Oakridge,9-Sep-19,"LS,HR",2,2,near,cover,pendig,0.5,,SA,24-Sep-19
Oakridge,9-Sep-19,"LS,HR",2,2,near,uncover,pendig,3,,SA,24-Sep-19
Oakridge,9-Sep-19,LS,3,2,near,uncover,pendig,3,,SA,24-Sep-19
Oakridge,9-Sep-19,LS,6,3,near,uncover,pendig,0.5,,SA,24-Sep-19
Oakridge,9-Sep-19,"LS,PS",7,1,near,uncover,pendig,1,,SA,24-Sep-19
Oakridge,9-Sep-19,"LS,PS",7,1,near,cover,pendig,8,,SA,24-Sep-19
Oakridge,9-Sep-19,"LS,PS",7,2,near,uncover,pendig,27,,SA,24-Sep-19
Oakridge,9-Sep-19,"LS,PS",7,2,near,cover,pendig,3,,SA,24-Sep-19
Oakridge,9-Sep-19,"LS,PS",7,4,near,cover,pendig,1,written pendic but is it pendig?,SA,24-Sep-19
Oakridge,9-Sep-19,"LS,PS",7,4,near,uncover,pendig,3,,SA,24-Sep-19
Oakridge,9-Sep-19,"LS,PS",8,4,near,uncover,pendig,4,,SA,24-Sep-19
Oakridge,9-Sep-19,"LS,PS",8,4,near,cover,pendig,3,,SA,24-Sep-19
Oakridge,9-Sep-19,"LS,HR",2,4,near,cover,phyvir,2.5,,SA,24-Sep-19
Oakridge,8-Sep-19,"HR,SA",2,1,far,uncover,poapra,40,,SA,22-Sep-19
Oakridge,8-Sep-19,LS,2,1,far,cover,poapra,5,,SA,22-Sep-19
Oakridge,8-Sep-19,"HR,SA",2,3,far,uncover,poapra,40,,SA,22-Sep-19
Oakridge,8-Sep-19,"LS,PS",2,3,far,cover,poapra,20,,SA,22-Sep-19
Oakridge,8-Sep-19,"HR,SA",3,2,far,uncover,poapra,3,,SA,22-Sep-19
Oakridge,8-Sep-19,"LS,PS",3,4,far,uncover,poapra,2,,SA,22-Sep-19
Oakridge,8-Sep-19,"LS,PS",4,1,far,cover,poapra,40,,SA,22-Sep-19
Oakridge,8-Sep-19,"LS,SA",4,1,near,cover,poapra,5,,SA,24-Sep-19
Oakridge,8-Sep-19,LS,4,3,far,uncover,poapra,2,,SA,22-Sep-19
Oakridge,8-Sep-19,"HR,SA",4,3,far,cover,poapra,25,,SA,22-Sep-19
Oakridge,8-Sep-19,"HR,SA",4,4,far,uncover,poapra,12,,SA,22-Sep-19
Oakridge,8-Sep-19,LS,4,4,far,cover,poapra,65,,SA,22-Sep-19
Oakridge,7-Sep-19,"LS,ND",5,3,far,uncover,poapra,15,,SA,22-Sep-19
Oakridge,7-Sep-19,"HR,SA",5,3,far,cover,poapra,35,,SA,22-Sep-19
Oakridge,8-Sep-19,LS,5,3,near,cover,poapra,5,,SA,24-Sep-19
Oakridge,7-Sep-19,"LS,ND",5,4,far,cover,poapra,15,,SA,22-Sep-19
Oakridge,7-Sep-19,"HR,SA",6,2,far,cover,poapra,12.5,,SA,22-Sep-19
Oakridge,7-Sep-19,"HR,SA",6,3,far,uncover,poapra,40,,SA,22-Sep-19
Oakridge,7-Sep-19,"LS,ND",6,3,far,cover,poapra,90,,SA,22-Sep-19
Oakridge,7-Sep-19,"LS,ND",6,4,far,cover,poapra,50,,SA,22-Sep-19
Oakridge,7-Sep-19,"LS,ND",7,1,far,cover,poapra,4,,SA,22-Sep-19
Oakridge,7-Sep-19,"LS,ND",7,3,far,uncover,poapra,85,,SA,22-Sep-19
Oakridge,7-Sep-19,"HR,SA",7,3,far,cover,poapra,70,,SA,22-Sep-19
Oakridge,9-Sep-19,LS,3,4,near,uncover,polper,1,,SA,24-Sep-19
Oakridge,9-Sep-19,"LS,PS",8,3,near,uncover,polper,0.1,,SA,24-Sep-19
Oakridge,9-Sep-19,"LS,PS",8,4,near,cover,polper,0.1,,SA,24-Sep-19
Oakridge,9-Sep-19,"LS,HR",1,1,near,uncover,pruspp,1,,SA,24-Sep-19
Oakridge,7-Sep-19,"HR,LS,ND,SA",1,1,far,uncover,ratpin,3,,SA,22-Sep-19
Oakridge,7-Sep-19,"HR,LS,ND,SA",1,1,far,cover,ratpin,40,,SA,22-Sep-19
Oakridge,9-Sep-19,"LS,HR",1,1,near,cover,ratpin,45,,SA,24-Sep-19
Oakridge,9-Sep-19,"LS,HR",1,1,near,uncover,ratpin,6,,SA,24-Sep-19
Oakridge,7-Sep-19,"HR,LS,ND,SA",1,2,far,uncover,ratpin,25,,SA,22-Sep-19
Oakridge,7-Sep-19,"HR,LS,ND,SA",1,2,far,cover,ratpin,55,,SA,22-Sep-19
Oakridge,9-Sep-19,"LS,HR",1,2,near,cover,ratpin,30,,SA,24-Sep-19
Oakridge,9-Sep-19,"LS,HR",1,2,near,uncover,ratpin,8,,SA,24-Sep-19
Oakridge,7-Sep-19,"HR,LS,ND,SA",1,3,far,uncover,ratpin,70,,SA,22-Sep-19
Oakridge,7-Sep-19,"HR,LS,ND,SA",1,3,far,cover,ratpin,60,,SA,22-Sep-19
Oakridge,9-Sep-19,"LS,HR",1,3,near,cover,ratpin,35,,SA,24-Sep-19
Oakridge,9-Sep-19,"LS,HR",1,3,near,uncover,ratpin,20,,SA,24-Sep-19
Oakridge,7-Sep-19,"HR,LS,ND,SA",1,4,far,uncover,ratpin,1.5,,SA,22-Sep-19
Oakridge,7-Sep-19,"HR,LS,ND,SA",1,4,far,cover,ratpin,30,,SA,22-Sep-19
Oakridge,9-Sep-19,"LS,HR",1,4,near,cover,ratpin,10,,SA,24-Sep-19
Oakridge,9-Sep-19,"LS,HR",1,4,near,uncover,ratpin,18,,SA,24-Sep-19
Oakridge,8-Sep-19,"HR,SA",2,1,far,uncover,ratpin,3,,SA,22-Sep-19
Oakridge,8-Sep-19,LS,2,1,far,cover,ratpin,70,,SA,22-Sep-19
Oakridge,9-Sep-19,"LS,HR",2,1,near,cover,ratpin,33,,SA,24-Sep-19
Oakridge,9-Sep-19,"LS,HR",2,1,near,uncover,ratpin,40,,SA,24-Sep-19
Oakridge,8-Sep-19,"HR,SA",2,2,far,uncover,ratpin,2,,SA,22-Sep-19
Oakridge,8-Sep-19,"LS,PS",2,2,far,cover,ratpin,20,,SA,22-Sep-19
Oakridge,9-Sep-19,"LS,HR",2,2,near,cover,ratpin,11,,SA,24-Sep-19
Oakridge,9-Sep-19,"LS,HR",2,2,near,uncover,ratpin,12,,SA,24-Sep-19
Oakridge,8-Sep-19,"HR,SA",2,3,far,uncover,ratpin,4,,SA,22-Sep-19
Oakridge,8-Sep-19,"LS,PS",2,3,far,cover,ratpin,23,,SA,22-Sep-19
Oakridge,9-Sep-19,"LS,HR",2,3,near,cover,ratpin,32,,SA,24-Sep-19
Oakridge,9-Sep-19,"LS,HR",2,3,near,uncover,ratpin,35,,SA,24-Sep-19
Oakridge,8-Sep-19,"LS,PS",2,4,far,uncover,ratpin,30,,SA,22-Sep-19
Oakridge,8-Sep-19,"HR,SA",2,4,far,cover,ratpin,45,,SA,22-Sep-19
Oakridge,9-Sep-19,"LS,HR",2,4,near,cover,ratpin,35,,SA,24-Sep-19
Oakridge,9-Sep-19,"LS,HR",2,4,near,uncover,ratpin,35,,SA,24-Sep-19
Oakridge,8-Sep-19,"LS,PS",3,1,far,uncover,ratpin,15,,SA,22-Sep-19
Oakridge,8-Sep-19,"HR,SA",3,1,far,cover,ratpin,33,,SA,22-Sep-19
Oakridge,9-Sep-19,LS,3,1,near,cover,ratpin,46,,SA,24-Sep-19
Oakridge,9-Sep-19,LS,3,1,near,uncover,ratpin,13,,SA,24-Sep-19
Oakridge,8-Sep-19,"HR,SA",3,2,far,uncover,ratpin,30,,SA,22-Sep-19
Oakridge,8-Sep-19,"LS,PS",3,2,far,cover,ratpin,40,,SA,22-Sep-19
Oakridge,9-Sep-19,LS,3,2,near,uncover,ratpin,2,,SA,24-Sep-19
Oakridge,9-Sep-19,LS,3,2,near,cover,ratpin,36,,SA,24-Sep-19
Oakridge,8-Sep-19,"HR,SA",3,3,far,uncover,ratpin,6,,SA,22-Sep-19
Oakridge,8-Sep-19,"LS,PS",3,3,far,cover,ratpin,7,,SA,22-Sep-19
Oakridge,9-Sep-19,LS,3,3,near,uncover,ratpin,14,,SA,24-Sep-19
Oakridge,9-Sep-19,LS,3,3,near,cover,ratpin,18,,SA,24-Sep-19
Oakridge,8-Sep-19,"LS,PS",3,4,far,uncover,ratpin,20,,SA,22-Sep-19
Oakridge,8-Sep-19,"HR,SA",3,4,far,cover,ratpin,15,,SA,22-Sep-19
Oakridge,9-Sep-19,LS,3,4,near,uncover,ratpin,9,,SA,24-Sep-19
Oakridge,9-Sep-19,LS,3,4,near,cover,ratpin,23,,SA,24-Sep-19
Oakridge,8-Sep-19,"LS,PS",4,1,far,cover,ratpin,15,,SA,22-Sep-19
Oakridge,8-Sep-19,"LS,SA",4,1,near,uncover,ratpin,3,,SA,24-Sep-19
Oakridge,8-Sep-19,"LS,SA",4,1,near,cover,ratpin,30,,SA,24-Sep-19
Oakridge,8-Sep-19,"LS,PS",4,2,far,uncover,ratpin,23,,SA,22-Sep-19
Oakridge,8-Sep-19,"HR,SA",4,2,far,cover,ratpin,70,,SA,22-Sep-19
Oakridge,8-Sep-19,LS,4,2,near,uncover,ratpin,7,,SA,24-Sep-19
Oakridge,8-Sep-19,"SA,EE",4,2,near,cover,ratpin,14,,SA,24-Sep-19
Oakridge,8-Sep-19,"SA,EE",4,3,near,uncover,ratpin,1,,SA,24-Sep-19
Oakridge,8-Sep-19,LS,4,3,near,cover,ratpin,2,,SA,24-Sep-19
Oakridge,8-Sep-19,"HR,SA",4,4,far,uncover,ratpin,2,,SA,22-Sep-19
Oakridge,8-Sep-19,LS,4,4,far,cover,ratpin,20,,SA,22-Sep-19
Oakridge,8-Sep-19,"SA,EE",4,4,near,uncover,ratpin,12.5,,SA,24-Sep-19
Oakridge,8-Sep-19,LS,4,4,near,cover,ratpin,23,,SA,24-Sep-19
Oakridge,7-Sep-19,"HR,SA",5,1,far,uncover,ratpin,60,,SA,22-Sep-19
Oakridge,7-Sep-19,"LS,ND",5,1,far,cover,ratpin,10,,SA,22-Sep-19
Oakridge,8-Sep-19,LS,5,1,near,uncover,ratpin,5,,SA,24-Sep-19
Oakridge,8-Sep-19,"SA,EE",5,1,near,cover,ratpin,20,,SA,24-Sep-19
Oakridge,7-Sep-19,"LS,ND",5,2,far,uncover,ratpin,2,,SA,22-Sep-19
Oakridge,7-Sep-19,"HR,SA",5,2,far,cover,ratpin,25,,SA,22-Sep-19
Oakridge,8-Sep-19,"SA,EE",5,2,near,uncover,ratpin,20,,SA,24-Sep-19
Oakridge,8-Sep-19,LS,5,2,near,cover,ratpin,50,,SA,24-Sep-19
Oakridge,7-Sep-19,"LS,ND",5,3,far,uncover,ratpin,50,,SA,22-Sep-19
Oakridge,7-Sep-19,"HR,SA",5,3,far,cover,ratpin,45,,SA,22-Sep-19
Oakridge,8-Sep-19,"SA,EE",5,3,near,uncover,ratpin,2,,SA,24-Sep-19
Oakridge,8-Sep-19,LS,5,3,near,cover,ratpin,20,,SA,24-Sep-19
Oakridge,7-Sep-19,"HR,SA",5,4,far,uncover,ratpin,3,,SA,22-Sep-19
Oakridge,7-Sep-19,"LS,ND",5,4,far,cover,ratpin,20,,SA,22-Sep-19
Oakridge,8-Sep-19,"SA,EE",5,4,near,cover,ratpin,15,lots of dead grass,SA,24-Sep-19
Oakridge,8-Sep-19,LS,5,4,near,uncover,ratpin,7,,SA,24-Sep-19
Oakridge,7-Sep-19,"LS,ND",6,1,far,uncover,ratpin,30,,SA,22-Sep-19
Oakridge,7-Sep-19,"HR,SA",6,1,far,cover,ratpin,6,,SA,22-Sep-19
Oakridge,9-Sep-19,LS,6,1,near,uncover,ratpin,45,,SA,24-Sep-19
Oakridge,9-Sep-19,LS,6,1,near,cover,ratpin,40,,SA,24-Sep-19
Oakridge,9-Sep-19,LS,6,2,near,cover,ratpin,18,,SA,24-Sep-19
Oakridge,7-Sep-19,"HR,SA",6,3,far,uncover,ratpin,1,,SA,22-Sep-19
Oakridge,7-Sep-19,"LS,ND",6,3,far,cover,ratpin,8,,SA,22-Sep-19
Oakridge,9-Sep-19,LS,6,3,near,uncover,ratpin,4,,SA,24-Sep-19
Oakridge,9-Sep-19,LS,6,3,near,cover,ratpin,20,,SA,24-Sep-19
Oakridge,7-Sep-19,"LS,ND",6,4,far,cover,ratpin,10,,SA,22-Sep-19
Oakridge,7-Sep-19,"HR,SA",7,1,far,uncover,ratpin,5,,SA,22-Sep-19
Oakridge,7-Sep-19,"LS,ND",7,1,far,cover,ratpin,55,,SA,22-Sep-19
Oakridge,9-Sep-19,"LS,PS",7,1,near,uncover,ratpin,30,,SA,24-Sep-19
Oakridge,9-Sep-19,"LS,PS",7,1,near,cover,ratpin,60,,SA,24-Sep-19
Oakridge,7-Sep-19,"LS,ND",7,2,far,uncover,ratpin,12,,SA,22-Sep-19
Oakridge,7-Sep-19,"HR,SA",7,2,far,cover,ratpin,35,,SA,22-Sep-19
Oakridge,9-Sep-19,"LS,PS",7,2,near,uncover,ratpin,7,,SA,24-Sep-19
Oakridge,9-Sep-19,"LS,PS",7,2,near,cover,ratpin,65,,SA,24-Sep-19
Oakridge,7-Sep-19,"LS,ND",7,3,far,uncover,ratpin,15,,SA,22-Sep-19
Oakridge,7-Sep-19,"HR,SA",7,3,far,cover,ratpin,30,,SA,22-Sep-19
Oakridge,9-Sep-19,"LS,PS",7,3,near,uncover,ratpin,30,,SA,24-Sep-19
Oakridge,9-Sep-19,"LS,PS",7,3,near,cover,ratpin,60,,SA,24-Sep-19
Oakridge,7-Sep-19,"HR,SA",7,4,far,uncover,ratpin,13,,SA,22-Sep-19
Oakridge,7-Sep-19,"LS,ND",7,4,far,cover,ratpin,30,,SA,22-Sep-19
Oakridge,9-Sep-19,"LS,PS",7,4,near,uncover,ratpin,9,,SA,24-Sep-19
Oakridge,9-Sep-19,"LS,PS",7,4,near,cover,ratpin,35,,SA,24-Sep-19
Oakridge,8-Sep-19,"LS,PS",8,1,far,uncover,ratpin,3,,SA,22-Sep-19
Oakridge,8-Sep-19,"HR,SA",8,1,far,cover,ratpin,10,,SA,22-Sep-19
Oakridge,9-Sep-19,"LS,PS",8,1,near,uncover,ratpin,8,,SA,24-Sep-19
Oakridge,9-Sep-19,"LS,PS",8,1,near,cover,ratpin,50,,SA,24-Sep-19
Oakridge,8-Sep-19,"HR,SA",8,2,far,uncover,ratpin,17,,SA,22-Sep-19
Oakridge,8-Sep-19,"LS,PS",8,2,far,cover,ratpin,30,,SA,22-Sep-19
Oakridge,9-Sep-19,"LS,PS",8,2,near,uncover,ratpin,6,,SA,24-Sep-19
Oakridge,8-Sep-19,"HR,SA",8,3,far,cover,ratpin,45,,SA,22-Sep-19
Oakridge,9-Sep-19,"LS,PS",8,3,near,uncover,ratpin,35,,SA,24-Sep-19
Oakridge,9-Sep-19,"LS,PS",8,3,near,cover,ratpin,65,,SA,24-Sep-19
Oakridge,8-Sep-19,"HR,SA",8,4,far,uncover,ratpin,10,,SA,22-Sep-19
Oakridge,8-Sep-19,"LS,PS",8,4,far,cover,ratpin,50,,SA,22-Sep-19
Oakridge,9-Sep-19,"LS,PS",7,1,near,uncover,rhacat,18,rhamnus cathartica,SA,24-Sep-19
Oakridge,8-Sep-19,"LS,PS",8,1,far,uncover,rhacat,3,rhamnus cathartica,SA,22-Sep-19
Oakridge,9-Sep-19,"LS,PS",8,2,near,cover,rhacat,1,rhamnus cathartica,SA,24-Sep-19
Oakridge,9-Sep-19,"LS,PS",8,3,near,uncover,rhacat,1,rhamnus cathartica,SA,24-Sep-19
Oakridge,9-Sep-19,"LS,PS",8,4,near,uncover,rhacat,1,rhamnus cathartica,SA,24-Sep-19
Oakridge,9-Sep-19,"LS,HR",1,1,near,cover,rudhir,1,,SA,24-Sep-19
Oakridge,9-Sep-19,"LS,HR",1,1,near,uncover,rudhir,1,,SA,24-Sep-19
Oakridge,9-Sep-19,"LS,HR",1,2,near,cover,rudhir,13,,SA,24-Sep-19
Oakridge,9-Sep-19,"LS,HR",1,2,near,uncover,rudhir,2,,SA,24-Sep-19
Oakridge,9-Sep-19,"LS,HR",1,3,near,cover,rudhir,2,,SA,24-Sep-19
Oakridge,9-Sep-19,"LS,HR",1,4,near,cover,rudhir,1,,SA,24-Sep-19
Oakridge,9-Sep-19,"LS,HR",1,4,near,uncover,rudhir,3,,SA,24-Sep-19
Oakridge,9-Sep-19,"LS,HR",2,2,near,cover,rudhir,2,,SA,24-Sep-19
Oakridge,9-Sep-19,"LS,HR",2,3,near,uncover,rudhir,1,,SA,24-Sep-19
Oakridge,9-Sep-19,"LS,HR",2,4,near,cover,rudhir,7,,SA,24-Sep-19
Oakridge,9-Sep-19,"LS,HR",2,4,near,uncover,rudhir,2.5,,SA,24-Sep-19
Oakridge,9-Sep-19,LS,3,1,near,cover,rudhir,1,,SA,24-Sep-19
Oakridge,9-Sep-19,LS,3,3,near,uncover,rudhir,1,,SA,24-Sep-19
Oakridge,9-Sep-19,LS,3,3,near,cover,rudhir,1,,SA,24-Sep-19
Oakridge,8-Sep-19,"LS,PS",4,2,far,uncover,rudhir,0.5,,SA,22-Sep-19
Oakridge,8-Sep-19,"HR,SA",4,2,far,cover,rudhir,1,,SA,22-Sep-19
Oakridge,8-Sep-19,LS,4,2,near,uncover,rudhir,2,,SA,24-Sep-19
Oakridge,7-Sep-19,"HR,SA",6,1,far,cover,rudhir,1,,SA,22-Sep-19
Oakridge,9-Sep-19,LS,6,1,near,uncover,rudhir,1,,SA,24-Sep-19
Oakridge,9-Sep-19,LS,6,1,near,cover,rudhir,3,,SA,24-Sep-19
Oakridge,9-Sep-19,LS,6,2,near,cover,rudhir,3,,SA,24-Sep-19
Oakridge,7-Sep-19,"LS,ND",6,3,far,cover,rudhir,0.1,,SA,22-Sep-19
Oakridge,9-Sep-19,LS,6,3,near,uncover,rudhir,3,,SA,24-Sep-19
Oakridge,9-Sep-19,LS,6,3,near,cover,rudhir,6,,SA,24-Sep-19
Oakridge,7-Sep-19,"HR,SA",6,4,far,uncover,rudhir,12,,SA,22-Sep-19
Oakridge,7-Sep-19,"LS,ND",6,4,far,cover,rudhir,3,,SA,22-Sep-19
Oakridge,9-Sep-19,LS,6,4,near,uncover,rudhir,2,,SA,24-Sep-19
Oakridge,9-Sep-19,LS,6,4,near,cover,rudhir,1,,SA,24-Sep-19
Oakridge,7-Sep-19,"LS,ND",7,1,far,cover,rudhir,1,,SA,22-Sep-19
Oakridge,9-Sep-19,"LS,PS",7,1,near,uncover,rudhir,6,,SA,24-Sep-19
Oakridge,9-Sep-19,"LS,PS",7,1,near,cover,rudhir,2,,SA,24-Sep-19
Oakridge,7-Sep-19,"LS,ND",7,2,far,uncover,rudhir,2,,SA,22-Sep-19
Oakridge,7-Sep-19,"HR,SA",7,2,far,cover,rudhir,8,,SA,22-Sep-19
Oakridge,9-Sep-19,"LS,PS",7,2,near,uncover,rudhir,5,,SA,24-Sep-19
Oakridge,9-Sep-19,"LS,PS",7,2,near,cover,rudhir,6,,SA,24-Sep-19
Oakridge,9-Sep-19,"LS,PS",7,3,near,uncover,rudhir,4,,SA,24-Sep-19
Oakridge,9-Sep-19,"LS,PS",7,3,near,cover,rudhir,1,,SA,24-Sep-19
Oakridge,7-Sep-19,"HR,SA",7,4,far,uncover,rudhir,1.5,,SA,22-Sep-19
Oakridge,7-Sep-19,"LS,ND",7,4,far,cover,rudhir,2,,SA,22-Sep-19
Oakridge,9-Sep-19,"LS,PS",7,4,near,uncover,rudhir,2,,SA,24-Sep-19
Oakridge,9-Sep-19,"LS,PS",7,4,near,cover,rudhir,2,,SA,24-Sep-19
Oakridge,8-Sep-19,"HR,SA",8,1,far,cover,rudhir,2,,SA,22-Sep-19
Oakridge,9-Sep-19,"LS,PS",8,1,near,uncover,rudhir,0.5,,SA,24-Sep-19
Oakridge,9-Sep-19,"LS,PS",8,1,near,cover,rudhir,7,,SA,24-Sep-19
Oakridge,9-Sep-19,"LS,PS",8,3,near,uncover,rudhir,1,,SA,24-Sep-19
Oakridge,9-Sep-19,"LS,PS",8,3,near,cover,rudhir,1,,SA,24-Sep-19
Oakridge,8-Sep-19,"LS,PS",8,4,far,cover,rudhir,2,,SA,22-Sep-19
Oakridge,9-Sep-19,"LS,PS",8,4,near,uncover,rudhir,0.5,,SA,24-Sep-19
Oakridge,9-Sep-19,LS,6,2,near,uncover,rumcri,1,,SA,24-Sep-19
Oakridge,9-Sep-19,"LS,HR",1,1,near,cover,schsco,15,,SA,24-Sep-19
Oakridge,9-Sep-19,"LS,HR",1,1,near,uncover,schsco,20,,SA,24-Sep-19
Oakridge,7-Sep-19,"HR,LS,ND,SA",1,2,far,uncover,schsco,10,,SA,22-Sep-19
Oakridge,7-Sep-19,"HR,LS,ND,SA",1,2,far,cover,schsco,12.5,,SA,22-Sep-19
Oakridge,7-Sep-19,"HR,LS,ND,SA",1,3,far,uncover,schsco,10,,SA,22-Sep-19
Oakridge,7-Sep-19,"HR,LS,ND,SA",1,3,far,cover,schsco,10,,SA,22-Sep-19
Oakridge,9-Sep-19,"LS,HR",1,3,near,cover,schsco,15,,SA,24-Sep-19
Oakridge,7-Sep-19,"HR,LS,ND,SA",1,4,far,uncover,schsco,3,,SA,22-Sep-19
Oakridge,7-Sep-19,"HR,LS,ND,SA",1,4,far,cover,schsco,75,,SA,22-Sep-19
Oakridge,9-Sep-19,"LS,HR",1,4,near,cover,schsco,30,,SA,24-Sep-19
Oakridge,9-Sep-19,"LS,HR",1,4,near,uncover,schsco,3,,SA,24-Sep-19
Oakridge,9-Sep-19,"LS,HR",2,1,near,cover,schsco,2,,SA,24-Sep-19
Oakridge,9-Sep-19,"LS,HR",2,1,near,uncover,schsco,2,,SA,24-Sep-19
Oakridge,8-Sep-19,"LS,PS",2,2,far,cover,schsco,5,,SA,22-Sep-19
Oakridge,9-Sep-19,"LS,HR",2,2,near,cover,schsco,3,,SA,24-Sep-19
Oakridge,9-Sep-19,"LS,HR",2,2,near,uncover,schsco,0.1,,SA,24-Sep-19
Oakridge,8-Sep-19,"LS,PS",2,3,far,cover,schsco,40,,SA,22-Sep-19
Oakridge,8-Sep-19,"LS,PS",2,4,far,uncover,schsco,3,,SA,22-Sep-19
Oakridge,8-Sep-19,"HR,SA",2,4,far,cover,schsco,25,,SA,22-Sep-19
Oakridge,9-Sep-19,"LS,HR",2,4,near,cover,schsco,15,,SA,24-Sep-19
Oakridge,9-Sep-19,"LS,HR",2,4,near,uncover,schsco,30,,SA,24-Sep-19
Oakridge,8-Sep-19,"LS,PS",3,1,far,uncover,schsco,3,,SA,22-Sep-19
Oakridge,8-Sep-19,"HR,SA",3,1,far,cover,schsco,55,,SA,22-Sep-19
Oakridge,9-Sep-19,LS,3,1,near,cover,schsco,33,,SA,24-Sep-19
Oakridge,9-Sep-19,LS,3,1,near,uncover,schsco,20,,SA,24-Sep-19
Oakridge,8-Sep-19,"HR,SA",3,2,far,uncover,schsco,4,,SA,22-Sep-19
Oakridge,8-Sep-19,"LS,PS",3,2,far,cover,schsco,20,,SA,22-Sep-19
Oakridge,8-Sep-19,"HR,SA",3,3,far,uncover,schsco,22,,SA,22-Sep-19
Oakridge,8-Sep-19,"LS,PS",3,3,far,cover,schsco,50,,SA,22-Sep-19
Oakridge,9-Sep-19,LS,3,3,near,uncover,schsco,20,,SA,24-Sep-19
Oakridge,9-Sep-19,LS,3,3,near,cover,schsco,35,,SA,24-Sep-19
Oakridge,8-Sep-19,"LS,PS",3,4,far,uncover,schsco,6,,SA,22-Sep-19
Oakridge,8-Sep-19,"LS,SA",4,1,near,cover,schsco,7,,SA,24-Sep-19
Oakridge,8-Sep-19,"LS,PS",4,2,far,uncover,schsco,5,,SA,22-Sep-19
Oakridge,8-Sep-19,"HR,SA",4,2,far,cover,schsco,55,,SA,22-Sep-19
Oakridge,8-Sep-19,LS,4,2,near,uncover,schsco,6,,SA,24-Sep-19
Oakridge,8-Sep-19,LS,4,4,far,cover,schsco,9,,SA,22-Sep-19
Oakridge,8-Sep-19,"SA,EE",4,4,near,uncover,schsco,5,,SA,24-Sep-19
Oakridge,8-Sep-19,LS,4,4,near,cover,schsco,3,,SA,24-Sep-19
Oakridge,7-Sep-19,"HR,SA",5,1,far,uncover,schsco,65,,SA,22-Sep-19
Oakridge,7-Sep-19,"LS,ND",5,1,far,cover,schsco,5,,SA,22-Sep-19
Oakridge,8-Sep-19,LS,5,1,near,uncover,schsco,3,,SA,24-Sep-19
Oakridge,8-Sep-19,"SA,EE",5,1,near,cover,schsco,3,,SA,24-Sep-19
Oakridge,7-Sep-19,"LS,ND",5,2,far,uncover,schsco,18,,SA,22-Sep-19
Oakridge,7-Sep-19,"LS,ND",5,3,far,uncover,schsco,3,,SA,22-Sep-19
Oakridge,8-Sep-19,LS,5,3,near,cover,schsco,10,,SA,24-Sep-19
Oakridge,7-Sep-19,"HR,SA",5,4,far,uncover,schsco,5,,SA,22-Sep-19
Oakridge,8-Sep-19,"SA,EE",5,4,near,cover,schsco,15,,SA,24-Sep-19
Oakridge,7-Sep-19,"LS,ND",6,1,far,uncover,schsco,30,,SA,22-Sep-19
Oakridge,7-Sep-19,"HR,SA",6,1,far,cover,schsco,80,,SA,22-Sep-19
Oakridge,9-Sep-19,LS,6,1,near,uncover,schsco,6,,SA,24-Sep-19
Oakridge,9-Sep-19,LS,6,3,near,uncover,schsco,11,,SA,24-Sep-19
Oakridge,7-Sep-19,"LS,ND",6,4,far,cover,schsco,8,,SA,22-Sep-19
Oakridge,7-Sep-19,"HR,SA",7,1,far,uncover,schsco,10,,SA,22-Sep-19
Oakridge,7-Sep-19,"LS,ND",7,2,far,uncover,schsco,3,,SA,22-Sep-19
Oakridge,7-Sep-19,"HR,SA",7,2,far,cover,schsco,12,,SA,22-Sep-19
Oakridge,9-Sep-19,"LS,PS",7,3,near,cover,schsco,0.5,,SA,24-Sep-19
Oakridge,7-Sep-19,"LS,ND",7,4,far,cover,schsco,20,,SA,22-Sep-19
Oakridge,8-Sep-19,"LS,PS",8,1,far,uncover,schsco,20,,SA,22-Sep-19
Oakridge,8-Sep-19,"HR,SA",8,1,far,cover,schsco,80,,SA,22-Sep-19
Oakridge,9-Sep-19,"LS,PS",8,1,near,uncover,schsco,45,,SA,24-Sep-19
Oakridge,8-Sep-19,"HR,SA",8,2,far,uncover,schsco,8,,SA,22-Sep-19
Oakridge,8-Sep-19,"LS,PS",8,2,far,cover,schsco,20,,SA,22-Sep-19
Oakridge,9-Sep-19,"LS,PS",8,2,near,uncover,schsco,18,,SA,24-Sep-19
Oakridge,9-Sep-19,"LS,PS",8,2,near,cover,schsco,30,,SA,24-Sep-19
Oakridge,8-Sep-19,"LS,PS",8,3,far,uncover,schsco,2,,SA,22-Sep-19
Oakridge,8-Sep-19,"LS,PS",8,4,far,cover,schsco,2,,SA,22-Sep-19
Oakridge,8-Sep-19,LS,4,2,near,uncover,setfab,2,,SA,24-Sep-19
Oakridge,8-Sep-19,"HR,SA",2,1,far,uncover,setspp,0.5,,SA,22-Sep-19
Oakridge,9-Sep-19,"LS,HR",2,1,near,cover,setspp,0.1,,SA,24-Sep-19
Oakridge,8-Sep-19,"LS,PS",2,3,far,cover,setspp,0.1,,SA,22-Sep-19
Oakridge,9-Sep-19,"LS,HR",2,3,near,cover,setspp,0.1,,SA,24-Sep-19
Oakridge,9-Sep-19,"LS,HR",2,3,near,uncover,setspp,0.1,,SA,24-Sep-19
Oakridge,9-Sep-19,LS,3,4,near,uncover,setspp,0.5,,SA,24-Sep-19
Oakridge,9-Sep-19,LS,3,4,near,cover,setspp,0.5,,SA,24-Sep-19
Oakridge,8-Sep-19,"SA,EE",4,2,near,cover,setspp,1,,SA,24-Sep-19
Oakridge,8-Sep-19,LS,4,3,far,uncover,setspp,0.5,,SA,22-Sep-19
Oakridge,8-Sep-19,LS,4,3,near,cover,setspp,0.1,,SA,24-Sep-19
Oakridge,8-Sep-19,"HR,SA",4,4,far,uncover,setspp,0.5,,SA,22-Sep-19
Oakridge,8-Sep-19,"SA,EE",5,1,near,cover,setspp,25,,SA,24-Sep-19
Oakridge,8-Sep-19,LS,5,2,near,cover,setspp,0.1,,SA,24-Sep-19
Oakridge,8-Sep-19,LS,5,4,near,uncover,setspp,0.1,,SA,24-Sep-19
Oakridge,9-Sep-19,LS,6,2,near,uncover,setspp,0.1,,SA,24-Sep-19
Oakridge,9-Sep-19,"LS,PS",7,4,near,uncover,setspp,0.1,,SA,24-Sep-19
Oakridge,8-Sep-19,"LS,PS",8,2,far,cover,setspp,0.5,,SA,22-Sep-19
Oakridge,9-Sep-19,"LS,PS",8,3,near,uncover,setspp,0.1,,SA,24-Sep-19
Oakridge,9-Sep-19,"LS,PS",8,4,near,uncover,setspp,2,,SA,24-Sep-19
Oakridge,9-Sep-19,"LS,PS",8,4,near,cover,setspp,1,,SA,24-Sep-19
Oakridge,9-Sep-19,"LS,HR",1,1,near,cover,solcan,1.5,,SA,24-Sep-19
Oakridge,9-Sep-19,"LS,HR",1,2,near,cover,solcan,0.5,,SA,24-Sep-19
Oakridge,9-Sep-19,"LS,HR",1,3,near,cover,solcan,1,,SA,24-Sep-19
Oakridge,7-Sep-19,"HR,LS,ND,SA",1,4,far,cover,solcan,0.5,,SA,22-Sep-19
Oakridge,9-Sep-19,"LS,HR",1,4,near,cover,solcan,0.5,,SA,24-Sep-19
Oakridge,8-Sep-19,LS,2,1,far,cover,solcan,0.5,,SA,22-Sep-19
Oakridge,9-Sep-19,"LS,HR",2,1,near,cover,solcan,6,,SA,24-Sep-19
Oakridge,9-Sep-19,"LS,HR",2,1,near,uncover,solcan,3,,SA,24-Sep-19
Oakridge,9-Sep-19,"LS,HR",2,2,near,cover,solcan,0.1,,SA,24-Sep-19
Oakridge,9-Sep-19,"LS,HR",2,4,near,cover,solcan,1,,SA,24-Sep-19
Oakridge,8-Sep-19,"LS,PS",3,2,far,cover,solcan,6,,SA,22-Sep-19
Oakridge,8-Sep-19,"LS,PS",3,3,far,cover,solcan,0.1,,SA,22-Sep-19
Oakridge,8-Sep-19,"LS,PS",3,4,far,uncover,solcan,4,,SA,22-Sep-19
Oakridge,8-Sep-19,"HR,SA",3,4,far,cover,solcan,4,,SA,22-Sep-19
Oakridge,9-Sep-19,LS,3,4,near,cover,solcan,60,,SA,24-Sep-19
Oakridge,8-Sep-19,"SA,EE",4,2,near,cover,solcan,11,,SA,24-Sep-19
Oakridge,8-Sep-19,LS,4,4,near,cover,solcan,0.5,,SA,24-Sep-19
Oakridge,8-Sep-19,LS,5,2,near,cover,solcan,4,,SA,24-Sep-19
Oakridge,7-Sep-19,"LS,ND",5,4,far,cover,solcan,7,,SA,22-Sep-19
Oakridge,9-Sep-19,LS,6,2,near,uncover,solcan,0.5,,SA,24-Sep-19
Oakridge,9-Sep-19,LS,6,3,near,cover,solcan,9,,SA,24-Sep-19
Oakridge,9-Sep-19,LS,6,4,near,uncover,solcan,7,,SA,24-Sep-19
Oakridge,9-Sep-19,LS,6,4,near,cover,solcan,15,,SA,24-Sep-19
Oakridge,9-Sep-19,"LS,PS",7,1,near,uncover,solcan,0.1,,SA,24-Sep-19
Oakridge,9-Sep-19,"LS,PS",7,1,near,cover,solcan,4,,SA,24-Sep-19
Oakridge,9-Sep-19,"LS,PS",7,2,near,cover,solcan,14,,SA,24-Sep-19
Oakridge,7-Sep-19,"HR,SA",7,3,far,cover,solcan,15,,SA,22-Sep-19
Oakridge,9-Sep-19,"LS,PS",7,3,near,uncover,solcan,0.5,,SA,24-Sep-19
Oakridge,9-Sep-19,"LS,PS",7,3,near,cover,solcan,23,,SA,24-Sep-19
Oakridge,9-Sep-19,"LS,PS",7,4,near,uncover,solcan,0.5,,SA,24-Sep-19
Oakridge,9-Sep-19,"LS,PS",7,4,near,cover,solcan,0.5,,SA,24-Sep-19
Oakridge,8-Sep-19,"HR,SA",8,1,far,cover,solcan,1,,SA,22-Sep-19
Oakridge,9-Sep-19,"LS,PS",8,1,near,uncover,solcan,0.5,,SA,24-Sep-19
Oakridge,9-Sep-19,"LS,PS",8,1,near,cover,solcan,1,,SA,24-Sep-19
Oakridge,8-Sep-19,"HR,SA",8,3,far,cover,solcan,20,,SA,22-Sep-19
Oakridge,9-Sep-19,"LS,PS",8,4,near,cover,solcan,1,,SA,24-Sep-19
Oakridge,9-Sep-19,"LS,PS",7,3,near,cover,solrig,1,,SA,24-Sep-19
Oakridge,9-Sep-19,"LS,PS",7,4,near,uncover,solrig,1,,SA,24-Sep-19
Oakridge,9-Sep-19,LS,3,4,near,uncover,sonspp,1.5,sonchus spp,SA,24-Sep-19
Oakridge,9-Sep-19,LS,3,4,near,cover,sonspp,1,sonchus spp,SA,24-Sep-19
Oakridge,7-Sep-19,"HR,SA",6,2,far,cover,sonspp,1,sonchus spp,SA,22-Sep-19
Oakridge,9-Sep-19,"LS,PS",7,4,near,uncover,sonspp,0.5,sonchus spp,SA,24-Sep-19
Oakridge,9-Sep-19,"LS,HR",1,1,near,cover,sornut,27,,SA,24-Sep-19
Oakridge,9-Sep-19,"LS,HR",1,2,near,cover,sornut,1,,SA,24-Sep-19
Oakridge,9-Sep-19,"LS,HR",1,3,near,cover,sornut,5,,SA,24-Sep-19
Oakridge,7-Sep-19,"HR,LS,ND,SA",1,4,far,cover,sornut,5,,SA,22-Sep-19
Oakridge,9-Sep-19,"LS,HR",1,4,near,cover,sornut,18,,SA,24-Sep-19
Oakridge,8-Sep-19,LS,2,1,far,cover,sornut,6,,SA,22-Sep-19
Oakridge,8-Sep-19,"HR,SA",2,2,far,uncover,sornut,3,,SA,22-Sep-19
Oakridge,8-Sep-19,"LS,PS",2,2,far,cover,sornut,8,,SA,22-Sep-19
Oakridge,9-Sep-19,"LS,HR",2,2,near,cover,sornut,12,,SA,24-Sep-19
Oakridge,9-Sep-19,"LS,HR",2,4,near,cover,sornut,10,,SA,24-Sep-19
Oakridge,9-Sep-19,"LS,HR",2,4,near,uncover,sornut,9,,SA,24-Sep-19
Oakridge,9-Sep-19,LS,3,2,near,cover,sornut,25,,SA,24-Sep-19
Oakridge,8-Sep-19,"LS,PS",3,3,far,cover,sornut,5,,SA,22-Sep-19
Oakridge,9-Sep-19,LS,3,3,near,uncover,sornut,7,,SA,24-Sep-19
Oakridge,9-Sep-19,LS,3,3,near,cover,sornut,26,,SA,24-Sep-19
Oakridge,8-Sep-19,"LS,SA",4,1,near,cover,sornut,6,,SA,24-Sep-19
Oakridge,8-Sep-19,"SA,EE",4,2,near,cover,sornut,3,,SA,24-Sep-19
Oakridge,8-Sep-19,LS,4,4,near,cover,sornut,6,,SA,24-Sep-19
Oakridge,7-Sep-19,"LS,ND",6,3,far,cover,sornut,7,,SA,22-Sep-19
Oakridge,9-Sep-19,LS,6,3,near,cover,sornut,1,,SA,24-Sep-19
Oakridge,9-Sep-19,"LS,PS",7,1,near,cover,sornut,12,,SA,24-Sep-19
Oakridge,7-Sep-19,"HR,SA",7,2,far,cover,sornut,5,,SA,22-Sep-19
Oakridge,9-Sep-19,"LS,PS",7,2,near,cover,sornut,9,,SA,24-Sep-19
Oakridge,8-Sep-19,"HR,SA",8,2,far,uncover,sornut,8,,SA,22-Sep-19
Oakridge,8-Sep-19,"LS,PS",8,2,far,cover,sornut,4,,SA,22-Sep-19
Oakridge,9-Sep-19,"LS,PS",8,2,near,uncover,sornut,3,,SA,24-Sep-19
Oakridge,9-Sep-19,"LS,PS",8,4,near,cover,sornut,20,,SA,24-Sep-19
Oakridge,7-Sep-19,"HR,LS,ND,SA",1,1,far,uncover,spocla,27,,SA,22-Sep-19
Oakridge,7-Sep-19,"HR,LS,ND,SA",1,1,far,cover,spocla,15,,SA,22-Sep-19
Oakridge,9-Sep-19,"LS,HR",1,1,near,cover,spocla,7,,SA,24-Sep-19
Oakridge,9-Sep-19,"LS,HR",1,1,near,uncover,spocla,2,,SA,24-Sep-19
Oakridge,7-Sep-19,"HR,LS,ND,SA",1,2,far,uncover,spocla,25,,SA,22-Sep-19
Oakridge,7-Sep-19,"HR,LS,ND,SA",1,2,far,cover,spocla,30,,SA,22-Sep-19
Oakridge,9-Sep-19,"LS,HR",1,2,near,cover,spocla,3,,SA,24-Sep-19
Oakridge,9-Sep-19,"LS,HR",1,2,near,uncover,spocla,7,,SA,24-Sep-19
Oakridge,7-Sep-19,"HR,LS,ND,SA",1,3,far,uncover,spocla,27,,SA,22-Sep-19
Oakridge,7-Sep-19,"HR,LS,ND,SA",1,3,far,cover,spocla,12,,SA,22-Sep-19
Oakridge,9-Sep-19,"LS,HR",1,3,near,cover,spocla,5,,SA,24-Sep-19
Oakridge,9-Sep-19,"LS,HR",1,3,near,uncover,spocla,3,,SA,24-Sep-19
Oakridge,7-Sep-19,"HR,LS,ND,SA",1,4,far,uncover,spocla,3.5,,SA,22-Sep-19
Oakridge,7-Sep-19,"HR,LS,ND,SA",1,4,far,cover,spocla,5,,SA,22-Sep-19
Oakridge,9-Sep-19,"LS,HR",1,4,near,cover,spocla,1.5,,SA,24-Sep-19
Oakridge,9-Sep-19,"LS,HR",1,4,near,uncover,spocla,2,,SA,24-Sep-19
Oakridge,8-Sep-19,"HR,SA",2,1,far,uncover,spocla,3,,SA,22-Sep-19
Oakridge,8-Sep-19,LS,2,1,far,cover,spocla,1,,SA,22-Sep-19
Oakridge,9-Sep-19,"LS,HR",2,1,near,cover,spocla,2,,SA,24-Sep-19
Oakridge,9-Sep-19,"LS,HR",2,1,near,uncover,spocla,2.5,,SA,24-Sep-19
Oakridge,8-Sep-19,"HR,SA",2,2,far,uncover,spocla,4,,SA,22-Sep-19
Oakridge,8-Sep-19,"LS,PS",2,2,far,cover,spocla,0.5,,SA,22-Sep-19
Oakridge,9-Sep-19,"LS,HR",2,2,near,cover,spocla,2,,SA,24-Sep-19
Oakridge,9-Sep-19,"LS,HR",2,2,near,uncover,spocla,0.1,,SA,24-Sep-19
Oakridge,8-Sep-19,"LS,PS",2,3,far,cover,spocla,1,,SA,22-Sep-19
Oakridge,9-Sep-19,"LS,HR",2,3,near,cover,spocla,1,,SA,24-Sep-19
Oakridge,9-Sep-19,"LS,HR",2,3,near,uncover,spocla,1,,SA,24-Sep-19
Oakridge,8-Sep-19,"LS,PS",2,4,far,uncover,spocla,18,,SA,22-Sep-19
Oakridge,8-Sep-19,"HR,SA",2,4,far,cover,spocla,3,,SA,22-Sep-19
Oakridge,9-Sep-19,"LS,HR",2,4,near,cover,spocla,2,,SA,24-Sep-19
Oakridge,9-Sep-19,"LS,HR",2,4,near,uncover,spocla,5,,SA,24-Sep-19
Oakridge,8-Sep-19,"HR,SA",3,1,far,cover,spocla,2,,SA,22-Sep-19
Oakridge,9-Sep-19,LS,3,1,near,cover,spocla,1,,SA,24-Sep-19
Oakridge,9-Sep-19,LS,3,1,near,uncover,spocla,10,,SA,24-Sep-19
Oakridge,8-Sep-19,"LS,PS",3,1,far,uncover,spocla,5,"was originally written as spohet, but I think it's probably not spohet and in an effort to be conservative I'm changing it back to spocla - LLS sept 26",SA,22-Sep-19
Oakridge,8-Sep-19,"HR,SA",3,2,far,uncover,spocla,1,,SA,22-Sep-19
Oakridge,8-Sep-19,"LS,PS",3,2,far,cover,spocla,2,,SA,22-Sep-19
Oakridge,9-Sep-19,LS,3,2,near,cover,spocla,6,,SA,24-Sep-19
Oakridge,8-Sep-19,"HR,SA",3,3,far,uncover,spocla,2,,SA,22-Sep-19
Oakridge,8-Sep-19,"LS,PS",3,3,far,cover,spocla,0.5,,SA,22-Sep-19
Oakridge,9-Sep-19,LS,3,3,near,uncover,spocla,7,,SA,24-Sep-19
Oakridge,9-Sep-19,LS,3,3,near,cover,spocla,3,,SA,24-Sep-19
Oakridge,8-Sep-19,"LS,PS",3,4,far,uncover,spocla,6,,SA,22-Sep-19
Oakridge,8-Sep-19,"HR,SA",3,4,far,cover,spocla,4,,SA,22-Sep-19
Oakridge,9-Sep-19,LS,3,4,near,cover,spocla,1,,SA,24-Sep-19
Oakridge,8-Sep-19,"HR,SA",4,1,far,uncover,spocla,2,,SA,22-Sep-19
Oakridge,8-Sep-19,"LS,PS",4,1,far,cover,spocla,2,,SA,22-Sep-19
Oakridge,8-Sep-19,"LS,SA",4,1,near,uncover,spocla,1,,SA,24-Sep-19
Oakridge,8-Sep-19,"LS,SA",4,1,near,cover,spocla,3,,SA,24-Sep-19
Oakridge,8-Sep-19,"LS,PS",4,2,far,uncover,spocla,10,,SA,22-Sep-19
Oakridge,8-Sep-19,"HR,SA",4,2,far,cover,spocla,9,,SA,22-Sep-19
Oakridge,8-Sep-19,"HR,SA",4,4,far,uncover,spocla,7,,SA,22-Sep-19
Oakridge,8-Sep-19,LS,4,4,far,cover,spocla,2,,SA,22-Sep-19
Oakridge,8-Sep-19,"SA,EE",4,4,near,uncover,spocla,15,,SA,24-Sep-19
Oakridge,8-Sep-19,LS,4,4,near,cover,spocla,1,,SA,24-Sep-19
Oakridge,7-Sep-19,"HR,SA",5,1,far,uncover,spocla,12,,SA,22-Sep-19
Oakridge,7-Sep-19,"LS,ND",5,1,far,cover,spocla,1,,SA,22-Sep-19
Oakridge,8-Sep-19,LS,5,1,near,uncover,spocla,1,,SA,24-Sep-19
Oakridge,8-Sep-19,"SA,EE",5,1,near,cover,spocla,3,,SA,24-Sep-19
Oakridge,7-Sep-19,"LS,ND",5,2,far,uncover,spocla,20,,SA,22-Sep-19
Oakridge,7-Sep-19,"HR,SA",5,2,far,cover,spocla,45,,SA,22-Sep-19
Oakridge,8-Sep-19,"SA,EE",5,2,near,uncover,spocla,1,,SA,24-Sep-19
Oakridge,7-Sep-19,"LS,ND",5,3,far,uncover,spocla,5,,SA,22-Sep-19
Oakridge,7-Sep-19,"HR,SA",5,3,far,cover,spocla,3,,SA,22-Sep-19
Oakridge,8-Sep-19,"SA,EE",5,3,near,uncover,spocla,2,,SA,24-Sep-19
Oakridge,7-Sep-19,"HR,SA",5,4,far,uncover,spocla,6,,SA,22-Sep-19
Oakridge,8-Sep-19,LS,5,4,near,uncover,spocla,1,,SA,24-Sep-19
Oakridge,7-Sep-19,"HR,SA",6,1,far,cover,spocla,5,,SA,22-Sep-19
Oakridge,9-Sep-19,LS,6,1,near,cover,spocla,1,,SA,24-Sep-19
Oakridge,9-Sep-19,LS,6,2,near,uncover,spocla,1,,SA,24-Sep-19
Oakridge,9-Sep-19,LS,6,2,near,cover,spocla,1,,SA,24-Sep-19
Oakridge,9-Sep-19,LS,6,3,near,uncover,spocla,2,,SA,24-Sep-19
Oakridge,7-Sep-19,"HR,SA",6,4,far,uncover,spocla,3,,SA,22-Sep-19
Oakridge,7-Sep-19,"LS,ND",6,4,far,cover,spocla,2,,SA,22-Sep-19
Oakridge,9-Sep-19,LS,6,4,near,uncover,spocla,1,,SA,24-Sep-19
Oakridge,9-Sep-19,LS,6,4,near,cover,spocla,1,,SA,24-Sep-19
Oakridge,7-Sep-19,"HR,SA",7,1,far,uncover,spocla,3,,SA,22-Sep-19
Oakridge,9-Sep-19,"LS,PS",7,1,near,uncover,spocla,1,,SA,24-Sep-19
Oakridge,7-Sep-19,"LS,ND",7,2,far,uncover,spocla,1,,SA,22-Sep-19
Oakridge,9-Sep-19,"LS,PS",7,2,near,uncover,spocla,2,,SA,24-Sep-19
Oakridge,7-Sep-19,"LS,ND",7,3,far,uncover,spocla,5,,SA,22-Sep-19
Oakridge,9-Sep-19,"LS,PS",7,3,near,uncover,spocla,6,,SA,24-Sep-19
Oakridge,9-Sep-19,"LS,PS",7,3,near,cover,spocla,2,,SA,24-Sep-19
Oakridge,7-Sep-19,"HR,SA",7,4,far,uncover,spocla,8,,SA,22-Sep-19
Oakridge,7-Sep-19,"LS,ND",7,4,far,cover,spocla,2,,SA,22-Sep-19
Oakridge,8-Sep-19,"LS,PS",8,1,far,uncover,spocla,4,,SA,22-Sep-19
Oakridge,8-Sep-19,"HR,SA",8,1,far,cover,spocla,3,,SA,22-Sep-19
Oakridge,9-Sep-19,"LS,PS",8,1,near,uncover,spocla,2,,SA,24-Sep-19
Oakridge,9-Sep-19,"LS,PS",8,1,near,cover,spocla,1,,SA,24-Sep-19
Oakridge,8-Sep-19,"HR,SA",8,2,far,uncover,spocla,3,,SA,22-Sep-19
Oakridge,8-Sep-19,"LS,PS",8,2,far,cover,spocla,2,,SA,22-Sep-19
Oakridge,8-Sep-19,"HR,SA",8,3,far,cover,spocla,45,,SA,22-Sep-19
Oakridge,8-Sep-19,"LS,PS",8,3,far,uncover,spocla,1,,SA,22-Sep-19
Oakridge,9-Sep-19,"LS,PS",8,3,near,cover,spocla,4,,SA,24-Sep-19
Oakridge,8-Sep-19,"HR,SA",8,4,far,uncover,spocla,4,,SA,22-Sep-19
Oakridge,8-Sep-19,"LS,PS",8,4,far,cover,spocla,6,,SA,22-Sep-19
Oakridge,9-Sep-19,"LS,HR",2,1,near,uncover,symeri,2,,SA,24-Sep-19
Oakridge,9-Sep-19,LS,6,1,near,cover,symeri,1,,SA,24-Sep-19
Oakridge,7-Sep-19,"LS,ND",6,4,far,cover,symeri,0.5,,SA,22-Sep-19
Oakridge,9-Sep-19,LS,6,4,near,cover,symeri,15,,SA,24-Sep-19
Oakridge,7-Sep-19,"LS,ND",7,1,far,cover,symeri,2,,SA,22-Sep-19
Oakridge,9-Sep-19,"LS,PS",7,1,near,cover,symeri,13,,SA,24-Sep-19
Oakridge,9-Sep-19,"LS,PS",7,2,near,cover,symeri,2,,SA,24-Sep-19
Oakridge,9-Sep-19,"LS,PS",7,3,near,cover,symeri,3,,SA,24-Sep-19
Oakridge,7-Sep-19,"LS,ND",7,4,far,cover,symeri,3,,SA,22-Sep-19
Oakridge,9-Sep-19,"LS,PS",7,4,near,cover,symeri,9,,SA,24-Sep-19
Oakridge,8-Sep-19,"HR,SA",8,1,far,cover,symeri,4,,SA,22-Sep-19
Oakridge,8-Sep-19,"LS,PS",8,2,far,cover,symeri,2,,SA,22-Sep-19
Oakridge,9-Sep-19,"LS,PS",8,2,near,uncover,symeri,1,,SA,24-Sep-19
Oakridge,9-Sep-19,"LS,PS",8,2,near,cover,symeri,4,,SA,24-Sep-19
Oakridge,9-Sep-19,"LS,PS",8,3,near,cover,symeri,1,,SA,24-Sep-19
Oakridge,9-Sep-19,"LS,HR",1,2,near,cover,symlan,1,,SA,24-Sep-19
Oakridge,8-Sep-19,LS,2,1,far,cover,symlan,0.5,,SA,22-Sep-19
Oakridge,8-Sep-19,"LS,PS",2,2,far,cover,symlan,0.1,,SA,22-Sep-19
Oakridge,9-Sep-19,LS,3,1,near,cover,symlan,0.5,,SA,24-Sep-19
Oakridge,8-Sep-19,"LS,PS",3,4,far,uncover,symlan,1,,SA,22-Sep-19
Oakridge,7-Sep-19,"HR,SA",6,2,far,cover,symlan,2,,SA,22-Sep-19
Oakridge,7-Sep-19,"LS,ND",7,1,far,cover,symlan,4,,SA,22-Sep-19
Oakridge,9-Sep-19,"LS,PS",7,1,near,cover,symlan,9,,SA,24-Sep-19
Oakridge,7-Sep-19,"HR,SA",7,2,far,cover,symlan,3,,SA,22-Sep-19
Oakridge,9-Sep-19,"LS,PS",7,2,near,uncover,symlan,3,,SA,24-Sep-19
Oakridge,7-Sep-19,"HR,SA",7,4,far,uncover,symlan,1,,SA,22-Sep-19
Oakridge,8-Sep-19,"HR,SA",8,1,far,cover,symlan,1,,SA,22-Sep-19
Oakridge,9-Sep-19,"LS,PS",8,1,near,uncover,symlan,1,,SA,24-Sep-19
Oakridge,9-Sep-19,"LS,PS",8,1,near,cover,symlan,1,,SA,24-Sep-19
Oakridge,8-Sep-19,"HR,SA",8,2,far,uncover,symlan,1.5,,SA,22-Sep-19
Oakridge,8-Sep-19,"LS,PS",8,2,far,cover,symlan,5,,SA,22-Sep-19
Oakridge,8-Sep-19,"HR,SA",8,4,far,uncover,symlan,5,,SA,22-Sep-19
Oakridge,8-Sep-19,"LS,PS",8,4,far,cover,symlan,60,,SA,22-Sep-19
Oakridge,9-Sep-19,"LS,PS",8,4,near,cover,symlan,4,,SA,24-Sep-19
Oakridge,9-Sep-19,"LS,HR",1,1,near,cover,taroff,0.1,,SA,24-Sep-19
Oakridge,9-Sep-19,"LS,HR",1,2,near,uncover,taroff,1,,SA,24-Sep-19
Oakridge,7-Sep-19,"HR,LS,ND,SA",1,4,far,uncover,taroff,1,,SA,22-Sep-19
Oakridge,9-Sep-19,"LS,HR",1,4,near,uncover,taroff,1,,SA,24-Sep-19
Oakridge,9-Sep-19,"LS,HR",2,1,near,cover,taroff,0.1,,SA,24-Sep-19
Oakridge,8-Sep-19,"HR,SA",2,2,far,uncover,taroff,0.5,,SA,22-Sep-19
Oakridge,8-Sep-19,"LS,PS",2,2,far,cover,taroff,0.5,,SA,22-Sep-19
Oakridge,9-Sep-19,"LS,HR",2,2,near,cover,taroff,0.1,,SA,24-Sep-19
Oakridge,8-Sep-19,"LS,PS",2,3,far,cover,taroff,2,,SA,22-Sep-19
Oakridge,8-Sep-19,"LS,PS",2,4,far,uncover,taroff,0.5,,SA,22-Sep-19
Oakridge,8-Sep-19,"HR,SA",2,4,far,cover,taroff,0.1,,SA,22-Sep-19
Oakridge,9-Sep-19,"LS,HR",2,4,near,cover,taroff,0.1,,SA,24-Sep-19
Oakridge,8-Sep-19,"LS,PS",3,1,far,uncover,taroff,0.1,,SA,22-Sep-19
Oakridge,8-Sep-19,"HR,SA",3,3,far,uncover,taroff,0.5,,SA,22-Sep-19
Oakridge,8-Sep-19,LS,4,2,near,uncover,taroff,0.1,,SA,24-Sep-19
Oakridge,8-Sep-19,LS,4,3,near,cover,taroff,1,,SA,24-Sep-19
Oakridge,9-Sep-19,LS,6,1,near,uncover,taroff,0.5,,SA,24-Sep-19
Oakridge,9-Sep-19,LS,6,1,near,cover,taroff,0.1,,SA,24-Sep-19
Oakridge,8-Sep-19,"LS,PS",8,2,far,cover,taroff,0.1,,SA,22-Sep-19
Oakridge,8-Sep-19,"LS,PS",8,3,far,uncover,taroff,0.1,,SA,22-Sep-19
Oakridge,9-Sep-19,"LS,PS",8,3,near,uncover,taroff,0.5,,SA,24-Sep-19
Oakridge,9-Sep-19,"LS,PS",8,4,near,cover,taroff,0.1,,SA,24-Sep-19
Oakridge,8-Sep-19,"LS,PS",3,3,far,cover,trispp,1,trifolium spp,SA,22-Sep-19
Oakridge,7-Sep-19,"HR,LS,ND,SA",1,1,far,uncover,ulmpum,1,,SA,22-Sep-19
Oakridge,9-Sep-19,"LS,HR",1,1,near,cover,ulmpum,0.75,,SA,24-Sep-19
Oakridge,7-Sep-19,"HR,LS,ND,SA",1,4,far,uncover,ulmpum,0.1,,SA,22-Sep-19
Oakridge,7-Sep-19,"HR,LS,ND,SA",1,4,far,cover,ulmpum,0.1,,SA,22-Sep-19
Oakridge,9-Sep-19,"LS,HR",1,4,near,cover,ulmpum,0.5,,SA,24-Sep-19
Oakridge,9-Sep-19,"LS,HR",1,4,near,uncover,ulmpum,0.5,,SA,24-Sep-19
Oakridge,8-Sep-19,LS,2,1,far,cover,ulmpum,0.5,,SA,22-Sep-19
Oakridge,8-Sep-19,"HR,SA",2,2,far,uncover,ulmpum,2,,SA,22-Sep-19
Oakridge,9-Sep-19,"LS,HR",2,2,near,uncover,ulmpum,3,,SA,24-Sep-19
Oakridge,9-Sep-19,LS,3,1,near,cover,ulmpum,0.1,,SA,24-Sep-19
Oakridge,8-Sep-19,"LS,PS",3,4,far,uncover,ulmpum,2,,SA,22-Sep-19
Oakridge,8-Sep-19,"LS,SA",4,1,near,uncover,ulmpum,1,,SA,24-Sep-19
Oakridge,8-Sep-19,LS,4,2,near,uncover,ulmpum,1,,SA,24-Sep-19
Oakridge,8-Sep-19,"SA,EE",4,4,near,uncover,ulmpum,0.5,,SA,24-Sep-19
Oakridge,9-Sep-19,LS,6,1,near,cover,ulmpum,0.5,,SA,24-Sep-19
Oakridge,9-Sep-19,LS,6,3,near,uncover,ulmpum,0.5,,SA,24-Sep-19
Oakridge,7-Sep-19,"HR,SA",6,4,far,uncover,ulmpum,2,,SA,22-Sep-19
Oakridge,7-Sep-19,"HR,SA",7,1,far,uncover,ulmpum,2,,SA,22-Sep-19
Oakridge,7-Sep-19,"LS,ND",7,1,far,cover,ulmpum,6,,SA,22-Sep-19
Oakridge,9-Sep-19,"LS,PS",7,1,near,uncover,ulmpum,3,,SA,24-Sep-19
Oakridge,7-Sep-19,"LS,ND",7,2,far,uncover,ulmpum,15,,SA,22-Sep-19
Oakridge,9-Sep-19,"LS,PS",7,2,near,uncover,ulmpum,5,,SA,24-Sep-19
Oakridge,7-Sep-19,"HR,SA",7,4,far,uncover,ulmpum,2,,SA,22-Sep-19
Oakridge,9-Sep-19,"LS,PS",7,4,near,uncover,ulmpum,2,,SA,24-Sep-19
Oakridge,9-Sep-19,"LS,PS",8,1,near,uncover,ulmpum,3,,SA,24-Sep-19
Oakridge,9-Sep-19,"LS,PS",8,1,near,cover,ulmpum,0.5,,SA,24-Sep-19
Oakridge,8-Sep-19,"HR,SA",8,2,far,uncover,ulmpum,1,,SA,22-Sep-19
Oakridge,9-Sep-19,"LS,PS",8,2,near,uncover,ulmpum,2,,SA,24-Sep-19
Oakridge,9-Sep-19,"LS,PS",8,2,near,cover,ulmpum,0.1,,SA,24-Sep-19
Oakridge,8-Sep-19,"LS,PS",8,3,far,uncover,ulmpum,1,,SA,22-Sep-19
Oakridge,8-Sep-19,"HR,SA",8,3,far,cover,ulmpum,0.5,,SA,22-Sep-19
Oakridge,8-Sep-19,"HR,SA",8,4,far,uncover,ulmpum,4,,SA,22-Sep-19
Oakridge,8-Sep-19,"HR,SA",2,4,far,cover,unkfrb,0.1,unknown forb,SA,22-Sep-19
Oakridge,9-Sep-19,LS,6,2,near,cover,unkfrb,0.1,,SA,24-Sep-19
Oakridge,8-Sep-19,LS,4,3,far,uncover,unkgra,10,,SA,22-Sep-19
Oakridge,7-Sep-19,"HR,SA",6,2,far,cover,unkmon,2,unknown monocot,SA,22-Sep-19
Oakridge,8-Sep-19,"LS,SA",4,1,near,cover,unkwdy,0.1,unknown woody,SA,24-Sep-19
Oakridge,9-Sep-19,"LS,HR",2,3,near,cover,urtdio,0.1,,SA,24-Sep-19
Oakridge,9-Sep-19,"LS,HR",2,3,near,uncover,urtdio,0.5,,SA,24-Sep-19
Oakridge,9-Sep-19,LS,3,2,near,uncover,urtdio,1,,SA,24-Sep-19
Oakridge,7-Sep-19,"LS,ND",7,1,far,cover,urtdio,1,,SA,22-Sep-19
Oakridge,9-Sep-19,"LS,PS",7,1,near,uncover,urtdio,2,,SA,24-Sep-19
Oakridge,9-Sep-19,"LS,PS",7,1,near,cover,urtdio,3,,SA,24-Sep-19
Oakridge,7-Sep-19,"HR,LS,ND,SA",1,4,far,cover,verper,0.1,veronica perigrina,SA,22-Sep-19
Oakridge,7-Sep-19,"LS,ND",7,4,far,cover,verper,0.1,veronica perigrina,SA,22-Sep-19
Oakridge,9-Sep-19,"LS,PS",8,4,near,cover,verper,0.1,veronica perigrina,SA,24-Sep-19
Oakridge,7-Sep-19,"HR,LS,ND,SA",1,4,far,cover,viosor,0.1,,SA,22-Sep-19
Oakridge,9-Sep-19,LS,3,1,near,uncover,vitspp,0.5,,SA,24-Sep-19
Oakridge,9-Sep-19,"LS,PS",7,3,near,uncover,vitspp,25,,SA,24-Sep-19
Oakridge,8-Sep-19,"HR,SA",8,4,far,uncover,vitspp,2,,SA,22-Sep-19
Oakridge,9-Sep-19,"LS,PS",8,4,near,uncover,vitspp,45,,SA,24-Sep-19